DATUM OD;DATUM DO;NAZEV;MESTO;TYP;KATEGORIE;DISCIPLINY;PORADATEL;KLUB;KLUB CISLO;REGISTRACE DO;URL
02.03.2024;02.03.2024;Jihoèeská vzduchovka +Jihoèeskù KP;Borek;2. kategorie;Muìi, eny, Dorostenci st.;VzPi 60, VzPi 40, VzPu 60 ISSF, VzPu 40 ISSF;;;301;28.02.2024;https://shooting.cz/cs/souteze/2024-03-02-jihoceska-vzduchovka-jihocesky-kp-1
02.03.2024;02.03.2024;Karlovarská liga VzPu 4.kolo + vyhodnocen’;Karlovy Vary - Bøezová;2. kategorie;Muìi, eny, Junioøi, Juniorky, Dorostenci st., Dorostenky st., dorostenci ml., dorostenky ml., áci 13 a 14 let, ákynì 13 a 14 let, áci do 12 let, ákynì do 12 let, Senioøi;VzPu 60 ISSF, VzPu 40 ISSF, VzPu 30 ISSF vlee, VzPu 30 ISSF vlee s oporou;;;258;;https://shooting.cz/cs/souteze/2024-03-02-karlovarska-liga-vzpu-4-kolo-vyhodnoceni-1
02.03.2024;02.03.2024;VC SSK Dukla Plzeò Zrušeno;Plzeò;2. kategorie, ZRUŠENO;Dorostenci st., áci 13 a 14 let, áci do 12 let;VzPu 40 ISSF, VzPu 30 ISSF vlee;;;370;29.02.2024;https://shooting.cz/cs/souteze/2024-03-02-vc-ssk-dukla-plzen-zruseno
02.03.2024;02.03.2024;Zmrzlù støelec;Nová paka;3. kategorie;Muìi;SP 30+30;SSK Nová Paka ;;192;02.03.2024;https://shooting.cz/cs/souteze/2024-03-02-zmrzly-strelec-1
02.03.2024;02.03.2024;Chomutovská vzduchovková extraliga 2023 - 2024 8.kolo;Chomutov;;Muìi, Muìi, eny, Junioøi, Dorostenci st., áci 13 a 14 let, Veteráni;VzPi 60, VzPi 40, VzPu 60 ISSF, VzPu 40 ISSF, VzPu 30 ISSF vlee;SSK Chomutov;;;15.10.2023;https://shooting.cz/cs/souteze/2023-10-15-chomutovska-vzduchovkova-extraliga-2023-2024-1-kolo-2023-6
02.03.2024;02.03.2024;Pohár SSK Slatina Brno 2023 - 2024 5.kolo + finále;Brno - Zábrdovice;2. kategorie;SH1, Muìi, eny, Dorostenci st., áci 13 a 14 let, áci do 12 let;VzPi 60, VzPi 40, VzPu 60 ISSF, VzPu 40 ISSF, VzPu 30 ISSF vlee;SSK Slatina Brno è.0162;;;02.03.2024;https://shooting.cz/cs/souteze/2023-11-14-pohar-ssk-slatina-brno-2023-2024-1-kolo_clone_638909
03.03.2024;03.03.2024;Èeskolipská liga 2023/2024 4.kolo;Èeská L’pa;2. kategorie;Muìi, eny, Juniorky, Dorostenci st., áci 13 a 14 let, áci do 12 let;VzPi 60, VzPi 40, VzPu 60 ISSF, VzPu 40 ISSF, VzPu 30 ISSF vlee, VzPu 30 ISSF vlee s oporou;SSK Manušice;;;25.02.2024;https://shooting.cz/cs/souteze/2023-12-02-ceskolipska-liga-2023-2024-4-kolo-1
03.03.2024;03.03.2024;Extraliga druìstev 10. roèn’k 3.kolo ZRUŠENO;Plzeò;2. kategorie, ZRUŠENO;Muìi;VzPi 40;SSKP Rapid Plzeò 0232;;;03.03.2024;https://shooting.cz/cs/souteze/2024-01-28-extraliga-druzstev-10-rocnik-3-kolo
03.03.2024;03.03.2024;Krajská støelecká liga mládee Zl’nského kraje 2.kolo;Bøezolupy;2. kategorie, Kraj;áci 13 a 14 let, ákynì 13 a 14 let, áci do 12 let, ákynì do 12 let;VzPu 30 ISSF vlee;;;386;28.02.2024;https://shooting.cz/cs/souteze/2024-03-03-krajska-strelecka-liga-mladeze-zlinskeho-kraje-2-kolo-2
03.03.2024;03.03.2024;Putovn’ pohár SSK 0201 Chrast u Chrudimi 5.kolo;Chrast u Chrudimi;2. kategorie;SH1, Muìi, eny, Veteráni;VzPi 60, VzPi 40, VzPu 60 ISSF, VzPu 40 ISSF;SSK  0201 Chrast u Chrudimi;;;03.03.2024;https://shooting.cz/cs/souteze/2023-11-05-putovni-pohar-ssk-0201-chrast-u-chrudimi-1-kolo-4
03.03.2024;03.03.2024;Vrchlabsko - Trutnovská vzduchovková liga 2023 finále;Trutnov;2. kategorie;Muìi, eny, Dorostenci st., Veteráni;VzPi 60, VzPi 40;SSK  Škoda  Vrchlab’  è. 0095;;;03.03.2024;https://shooting.cz/cs/souteze/2023-11-05-vrchlabsko-trutnovska-vzduchovkova-liga-2023-1-kolo-clone-508805-clone-983003-clone-600352-clone-106493
03.03.2024;03.03.2024;Zlatá diabolka + 54. roèn’k memoriálu Rudolfa Jocha a Eduarda Briskorina;Bøezolupy;2. kategorie;Muìi, eny, Dorostenci st., áci 13 a 14 let, áci do 12 let;VzPu 60 ISSF, VzPu 40 ISSF, VzPu 30 ISSF vlee;;;386;28.02.2024;https://shooting.cz/cs/souteze/2024-03-03-zlata-diabolka-54-rocnik-memorialu-rudolfa-jocha-a-eduarda-briskorina
03.03.2024;03.03.2024;Karlovarská liga – vzduchová pistole 2023/2024 11.kolo;Bøezová;2. kategorie;Veteráni 65+ let, Muìi, eny, Dorostenci st., áci 13 a 14 let, Senioøi;VzPi 60, VzPi 40, VzPi 60 s oporou, VzPi 40 s oporou;Karlovarské krajské sdruìen’ ÈSS;;;03.03.2024;https://shooting.cz/cs/souteze/2023-10-15-karlovarska-liga-vzduchova-pistole-2023-2024-1-kolo_clone_355894_clone_825015
09.03.2024;09.03.2024;Klatovskù pohár 2023-2024 5.kolo;Dolany u Klatov;2. kategorie;áci 13 a 14 let, áci do 12 let;VzPu 30 ISSF vlee, VzPu 30 ISSF vlee s oporou;SSK  0173 Klatovy  ;;;09.03.2024;https://shooting.cz/cs/souteze/2023-11-11-pohar-mladeze-ssk-klatovy-2023-2024-1-kolo-4
09.03.2024;10.03.2024;Mistrovstv’ ÈR 2024 - Vzduchové zbranì;Plzeò;1. kategorie, ebø’èek, Sledovanù;SH1, Muìi, eny, Junioøi, Juniorky, Dorostenci st., Dorostenky st., dorostenci ml., dorostenky ml., Senioøi, áci;VzPi 60, VzPi 40, VzPu 60 ISSF, VzPu 40 ISSF;Èeskù støeleckù svaz;;;26.02.2024;https://shooting.cz/cs/souteze/2024-03-08-m-cr-2024-plzen-vzduchove-zbrane
09.03.2024;09.03.2024;O putovn’ pohár SSK Roèov 20. roèn’k 4.kolo;Roèov;2. kategorie;Muìi, eny, Junioøi, Juniorky, Dorostenci st., áci 13 a 14 let, áci do 12 let;VzPu 60 ISSF, VzPu 40 ISSF, VzPu 30 ISSF vlee;SSK È- 0899 Roèov;;;07.03.2024;https://shooting.cz/cs/souteze/2024-02-10-klon-o-putovni-pohar-ssk-rocov-20-rocnik-3-kolo
09.03.2024;09.03.2024;Slovanská elektronická pušková liga 2023-2024 - Finále;Plzeò;2. kategorie;Muìi, eny, Junioøi, Juniorky, Dorostenci st.;VzPu 60 ISSF, VzPu 40 ISSF;SSK Plzeò – Slovany C-0015;;;09.03.2024;https://shooting.cz/cs/souteze/2024-03-09-slovanska-elektronicka-puskova-liga-2023-2024-finale
10.03.2024;10.03.2024;Jarn’ cena;Svitavy;2. kategorie;dorostenci ml., áci 13 a 14 let, áci do 12 let;VzPu 40 ISSF, VzPu 30 ISSF vlee;SVÈ Svitavy;;119;10.03.2024;https://shooting.cz/cs/souteze/2024-03-10-jarni-cena
10.03.2024;10.03.2024;Slovanská elektronická pistolová liga 2023-2024 - Finále;Plzeò;2. kategorie;Muìi, eny, Junioøi, Juniorky, Dorostenci st.;VzPi 60, VzPi 40;SSK Plzeò – Slovany C-0015;;;10.03.2024;https://shooting.cz/cs/souteze/2024-02-25-slovanska-elektronicka-pistolova-liga-2023-2024-finale
16.03.2024;16.03.2024;"Jarn’ cena - ""Vyhánìn’ pavoukù""";Nová Paka;2. kategorie;Muìi, eny, Dorostenci st., Dorostenky st.;SM 30, LM 30;;;192;16.03.2024;https://shooting.cz/cs/souteze/2024-03-16-jarni-cena-vyhaneni-pavouku-1
16.03.2024;16.03.2024;Jarn’ perkus - Historické zbranì;Semily;2. kategorie;;PeRe, PeRe50m, KøPiC, PePiV, PePuV, KøPuV, Werndl;Michal Saska;;731;16.03.2024;https://shooting.cz/cs/souteze/2024-03-16-jarni-perkus-historicke-zbrane-1
16.03.2024;16.03.2024;Krajská støelecká liga mládee Zl’nského kraje 3.kolo;Uherskù Ostroh;2. kategorie, Kraj;áci 13 a 14 let, ákynì 13 a 14 let, áci do 12 let, ákynì do 12 let;VzPu 30 ISSF vlee, VzPu 30 ISSF vlee s oporou;;;210;16.03.2024;https://shooting.cz/cs/souteze/2024-03-16-krajska-strelecka-liga-mladeze-zlinskeho-kraje-3-kolo
16.03.2024;16.03.2024;Velikonoèn’ stø’len’ 15.roèn’k;Borek;2. kategorie;Muìi, eny, Junioøi, Juniorky, Dorostenci st., áci 13 a 14 let, áci do 12 let;VzPu 60 ISSF, VzPu 40 ISSF, VzPu 30 ISSF vlee;;;301;16.03.2024;https://shooting.cz/cs/souteze/2024-03-16-velikonocni-strileni-15-rocnik-1
16.03.2024;17.03.2024;Sezemickù MAMLAS 2024 - Vzduchová puška a pistole 100 ran;Sezemice;3. kategorie;Muìi, eny;;;;253;16.03.2024;https://shooting.cz/cs/souteze/2024-03-16-sezemicky-mamlas-2024-vzduchova-puska-a-pistole-100-ran-1
16.03.2024;16.03.2024;Chomutovská vzduchovková extraliga 2023 - 2024 finále;Chomutov;;Muìi, Muìi, eny, Junioøi, Dorostenci st., áci 13 a 14 let, Veteráni;VzPi 60, VzPi 40, VzPu 60 ISSF, VzPu 40 ISSF, VzPu 30 ISSF vlee;SSK Chomutov;;;15.10.2023;https://shooting.cz/cs/souteze/2023-10-15-chomutovska-vzduchovkova-extraliga-2023-2024-1-kolo-2023-7
16.03.2024;16.03.2024;Pohár Srdce Symfonie;Pátek u Podìbrad;2. kategorie;;VzPu 30 ISSF vlee;;;;16.03.2024;https://shooting.cz/cs/souteze/2024-03-16-pohar-srdce-symfonie
17.03.2024;17.03.2024;Jiø’kovská liga 2023/2024 4.kolo;Jiø’kov;2. kategorie;áci do 10 let, Muìi, eny, Dorostenci st., áci 13 a 14 let, ákynì 13 a 14 let, áci do 12 let, ákynì do 12 let;VzPi 60, VzPi 40, VzPu 60 ISSF, VzPu 40 ISSF, VzPu 30 ISSF vlee, VzPu 30 ISSF vlee s oporou;SSK Jiø’kov;;;17.03.2024;https://shooting.cz/cs/souteze/2023-11-11-jirikovska-liga-2023-2024-1-kolo-2
17.03.2024;17.03.2024;Karlovarská liga – vzduchová pistole 2023/2024 12.kolo;Bøezová;2. kategorie;Veteráni 65+ let, Muìi, eny, Dorostenci st., áci 13 a 14 let, Senioøi;VzPi 60, VzPi 40, VzPi 60 s oporou, VzPi 40 s oporou;Karlovarské krajské sdruìen’ ÈSS;;;17.03.2024;https://shooting.cz/cs/souteze/2023-10-15-karlovarska-liga-vzduchova-pistole-2023-2024-1-kolo_clone_355894_clone_236980
17.03.2024;17.03.2024;Vzduchová sportka 2023/24 4.kolo;Chomutov;2. kategorie;Muìi, eny, Dorostenci st., Dorostenky st.;SpVzPi 30+30;SSK Chomutov I. , II. a IV.kolo, SSK Louny III. kolo;;;19.11.2023;https://shooting.cz/cs/souteze/2023-11-19-vzduchova-sportka-2023-24-1-kolo-2023-2
23.03.2024;23.03.2024;Jarn’ soutì z pøedovek 2024;Ostromìø;2. kategorie;Muìi;PePiC, PeRe, KøPiC, DPi, PePiV, PePuC, PePuV, KøPuC, Werndl;;;214;15.03.2024;https://shooting.cz/cs/souteze/2024-03-23-jarni-soutez-z-predovek-2024-1
23.03.2024;23.03.2024;Mistrovstv’ ÈR 2024 vzduchová puška 30 ran vlee;Plzeò;1. kategorie;áci 13 a 14 let, ákynì 13 a 14 let, áci do 12 let, ákynì do 12 let;VzPu 30 ISSF vlee;Èeskù støeleckù svaz;;370;11.03.2024;https://shooting.cz/cs/souteze/2024-03-23-m-cr-2024-plzen-vzduchova-puska-30-ran-vleze
23.03.2024;24.03.2024;Mistrovstv’ ÈR ze vzduchovùch v’cerannùch zbran’ 2024;Karviná;1. kategorie, ebø’èek;Muìi, eny, Junioøi, Juniorky, Dorostenci st., Dorostenky st.;SpVzPi 30+30, StVzPi 3x20, RVzPi 2x30;Èeskù støeleckù svaz;;373;12.03.2024;https://shooting.cz/cs/souteze/2024-03-23-mistrovstvi-cr-ze-vzduchovych-vicerannych-zbrani-2024
24.03.2024;24.03.2024;Cena SVÈ Svitavy 32. roèn’k;;2. kategorie;;VzPi 60, VzPi 40;SVÈ Svitavy;;119;24.03.2024;https://shooting.cz/cs/souteze/2024-03-24-cena-svc-svitavi-32-rocnik
30.03.2024;30.03.2024;Jarn’ cena 19. roèn’k;Uherskù Ostroh;2. kategorie;Muìi;PePiC, PeRe, PeRe50m, KøPiC, DPi, PePuC, PePuV, KøPuC, DPu, PePuC100m, PePuV100m;;;210;30.03.2024;https://shooting.cz/cs/souteze/2024-03-30-jarni-cena-19-rocnik
30.03.2024;30.03.2024;Pohár mìsta Èernovic;Èernovice;2. kategorie;áci 13 a 14 let, áci do 12 let;VzPu 30 ISSF vlee;;;202;30.03.2024;https://shooting.cz/cs/souteze/2024-03-30-pohar-mesta-cernovic
31.03.2024;31.03.2024;Velikonoèn’ pistole;Nová paka;3. kategorie;Muìi;VP 30+30;;;192;01.04.2024;https://shooting.cz/cs/souteze/2024-03-31-velikonocni-pistole
06.04.2024;06.04.2024;Dubnová otoèka;Chotìboø;2. kategorie;Muìi, eny, Junioøi, Juniorky, Dorostenci st., dorostenci ml.;SP 30+30, VP 30+30;;;120;;https://shooting.cz/cs/souteze/2024-04-06-dubnova-otocka-1
06.04.2024;06.04.2024;Medvìd’ vstáván’ 2. roèn’k;Podìbrady;3. kategorie;;;;;32;;https://shooting.cz/cs/souteze/2024-04-06
06.04.2024;06.04.2024;Memoriál støelcù 2024;Èepirohy;2. kategorie;Muìi;PePiC, PeRe, KøPiC, PePiV, PePuC, PePuV, KøPuC, KøPuV;;;311;06.04.2024;https://shooting.cz/cs/souteze/2024-04-06-memorial-strelcu-2024
06.04.2024;06.04.2024;Memoriál Vladim’ra Vávry;Semily;2. kategorie;;SP 30+30;Daniel Medek;;731;06.04.2024;https://shooting.cz/cs/souteze/2024-04-06-memorial-vladimira-vavry-1
06.04.2024;06.04.2024;Pobìovická diabolka - 2.roèn’k;Pobìovice;2. kategorie;áci 13 a 14 let, ákynì 13 a 14 let, áci do 12 let, ákynì do 12 let;VzPu 30 ISSF vlee, VzPu 30 ISSF vlee s oporou;;;230;02.04.2024;https://shooting.cz/cs/souteze/2024-04-06-pobezovicka-diabolka-2-rocnik-1
07.04.2024;07.04.2024;Jarn’ cena Opavy;Opava;2. kategorie;Muìi, eny, Junioøi, Juniorky, Dorostenci st., Dorostenky st.;SM 3x20, SM 60, LM 3x20, LM 60 ISSF;;;4;04.04.2024;https://shooting.cz/cs/souteze/2024-04-07-jarni-cena-opavy-1
11.04.2024;22.04.2024;ISSF Final Olympic Qualification Championship Rifle & Pistol;Rio De Janeiro;repre-tùmy, Sledovanù, Svìt;Muìi, eny;VzPi 60, SP 30 m’øená, RP 2x30, VzPu 60 ISSF, SM 3x20, LM 3x20;;;;;https://shooting.cz/cs/souteze/2024-04-11-issf-final-olympic-qualification-champions-rio-de-janeiro-clone-798006
13.04.2024;13.04.2024;Karlovarská liga LP60 1.kolo - Pohár hejtmana Karlovarského kraje;Lomnice u Sokolova;2. kategorie;Muìi, Junioøi, Senioøi;LP 60;;;258;;https://shooting.cz/cs/souteze/2024-04-13-karlovarska-liga-lp60-1-kolo-pohar-hejtmana-karlovarskeho-kraje
14.04.2024;14.04.2024;Jarn’ cena SSK Pomez’ - 32.roèn’k;Svitavy;2. kategorie;Muìi, eny;VzPi 60, VzPi 40;SVÈ Svitavy;;119;06.04.2024;https://shooting.cz/cs/souteze/2024-04-14-jarni-cena-ssk-pomezi-32-rocnik-1
14.04.2024;14.04.2024;Krajská støelecká liga mládee Zl’nského kraje Finále;Nivnice;2. kategorie, Kraj;áci 13 a 14 let, ákynì 13 a 14 let, áci do 12 let, ákynì do 12 let;VzPu 30 ISSF vlee, VzPu 30 ISSF vlee s oporou;;;551;14.04.2024;https://shooting.cz/cs/souteze/2024-04-14-krajska-strelecka-liga-mladeze-zlinskeho-kraje-finale
14.04.2024;14.04.2024;Pohár starosty Lomnice LM,SM 60;Lomnice u Sokolova;2. kategorie;Muìi, eny, Junioøi, Juniorky, Dorostenci st., Dorostenky st., Senioøi;SM 60, LM 60;;;258;14.04.2024;https://shooting.cz/cs/souteze/2024-04-14-pohar-starosty-lomnice-lm-sm-60-1
14.04.2024;14.04.2024;Pohár starosty Lomnice LM,SM 60;Sokolov;2. kategorie;Muìi, eny, Junioøi, Dorostenci st., Senioøi;SM 60, LM 60;;;258;14.04.2024;https://shooting.cz/cs/souteze/2024-04-14-pohar-starosty-lomnice-lm-sm-60-2
17.04.2024;17.04.2024;Fiala CUP 6.kolo;Plzeò;2. kategorie;Muìi, eny, Dorostenci st., áci 13 a 14 let;VzPi 40, VzPi 40 s oporou;SSK Dukla Plzeò - è. 0370 (1. - 3. kolo) ,SSK Policie Rapid Plzeò - è. 0232 (4. – 6. kolo);;;19.03.2024;https://shooting.cz/cs/souteze/2023-10-11-fiala-cup-1-kolo-clone-464252
19.04.2024;21.04.2024;Kontroln’ sledovanù závod 2024 1.kolo;Plzeò;1. kategorie, ebø’èek, Sledovanù, Stát;Muìi, eny;LP 60, StP 3x20, VP 30+30, SM 60 ISSF, LM 60 ISSF;;;;;https://shooting.cz/cs/souteze/2024-04-19-kontrolni-sledovany-zavod-2024-1-kolo
19.04.2024;21.04.2024;Kontroln’ závod reprezentace 2024 1.kolo;Plzeò;1. kategorie, ebø’èek, Sledovanù, Stát;Muìi, eny;VzPi 60, SP 30+30, RP 2x30, VzPu 60 ISSF, SM 3x20, LM 3x20;;;;;https://shooting.cz/cs/souteze/2024-04-19-kontrolni-zavod-reprezentace-2024-1-kolo
19.04.2024;21.04.2024;Oblastn’ støelecká liga kule Karviná 2024 - 1. kolo;Karviná - Nové Mìsto;2. kategorie;Muìi, eny, Junioøi, Juniorky, Dorostenci st., Dorostenky st., dorostenci ml., dorostenky ml.;SP 30+30, LP 60, StP 3x20, RP 2x30, VP 15+15;;;373;19.04.2024;https://shooting.cz/cs/souteze/2024-04-19-oblastni-strelecka-liga-kule-karvina-2024-1-kolo-1
20.04.2024;20.04.2024;Apr’lová sportka;Praha 9 Hloubìt’n;3. kategorie;Muìi, eny;SP 30 m’øená;;;121;18.04.2024;https://shooting.cz/cs/souteze/2024-04-20-aprilova-sportka
20.04.2024;20.04.2024;Karlovarská liga SP 30+30 1.kolo - Sokolovská sportka;Lomnice u Sokolova;2. kategorie;Muìi, eny, Junioøi, Juniorky, Dorostenci st., Dorostenky st., Senioøi;SP 30+30;;;258;20.04.2024;https://shooting.cz/cs/souteze/2024-04-20-karlovarska-liga-sp-30-30-1-kolo-sokolovska-sportka-1
22.04.2024;01.05.2024;ISSF Final Olympic Qualification Championship Shotgun;Doha;repre-tùmy, Sledovanù, Svìt;Muìi, eny;Skeet, Trap;;;;;https://shooting.cz/cs/souteze/2024-04-22-issf-final-olympic-qualification-champions-doha
27.04.2024;27.04.2024;Jarn’ cena SSK Újezd Sv.Kø’e;Újezd Sv.Kø’e;2. kategorie;Muìi, eny, Dorostenci st., Senioøi;SM 60, LM 60;;;230;25.04.2024;https://shooting.cz/cs/souteze/2024-04-27-jarni-cena-ssk-ujezd-sv-krize-1
27.04.2024;27.04.2024;Karlovarská liga SP 30+30 2.kolo / StP 3x20 1.kolo - Lomnická sportka;Lomnice u Sokolova;2. kategorie;Muìi, eny, Junioøi, Juniorky, Dorostenci st., Dorostenky st., Senioøi;SP 30+30, StP 3x20;;;258;27.04.2024;https://shooting.cz/cs/souteze/2024-04-27-karlovarska-liga-sp-30-30-2-kolo-stp-3x20-1-kolo-lomnicka-sportka
27.04.2024;27.04.2024;Velká cena Chotìboøe;Chotìboø;2. kategorie;Muìi, eny, Junioøi, Juniorky;LP 60;;;120;;https://shooting.cz/cs/souteze/2024-04-27-velka-cena-chotebore-1
27.04.2024;28.04.2024;Èeskù pohár mládee 2024 1.kolo Manušice;Manušice;1. kategorie, ebø’èek, Sledovanù, Stát;Dorostenci st., Dorostenky st.;VzPi 40, SP 30+30, VzPu 40 ISSF, SM 3x20, SM 60;Èeskù støeleckù svaz;;200;15.04.2024;https://shooting.cz/cs/souteze/2024-04-27-cesky-pohar-mladeze-2024-1-kolo-manusice
27.04.2024;28.04.2024;Èeskù pohár mládee 2024 1.kolo Ostrava;Ostrava - Poruba;1. kategorie, ebø’èek, Sledovanù, Stát;Dorostenci st., Dorostenky st.;VzPi 40, SP 30+30, VzPu 40 ISSF, SM 3x20, SM 60;Èeskù støeleckù svaz;;368;15.04.2024;https://shooting.cz/cs/souteze/2024-04-27-klon-cesky-pohar-mladeze-2024-1-kolo-ostrava
28.04.2024;28.04.2024;VC OÚ Prosimìøice;Prosimìøice;2. kategorie;Muìi, eny, Junioøi, Juniorky, Dorostenci st., dorostenci ml.;SM 3x20, SM 60, LM 3x20, LM 60;;;125;28.04.2024;https://shooting.cz/cs/souteze/2024-04-28-vc-ou-prosimerice
01.05.2024;01.05.2024;Prvomájová pistole;Nová paka;3. kategorie;Muìi, eny;VP 30 m’øená;;;192;01.05.2024;https://shooting.cz/cs/souteze/2024-05-01-prvomajova-pistole
01.05.2024;05.05.2024;52nd Grand Prix of  Liberation 2024 Plzeò;Plzeò;1. kategorie, ebø’èek, Sledovanù, Svìt;Muìi, eny;VzPi 60, SP 30+30, LP 60, StP 3x20, RP 2x30, VP 30+30, VzPu 60 ISSF, SM 3x20, SM 60 ISSF, LM 3x20, LM 60 ISSF;Sdruìen’ støeleckùch klubù mìsta Plznì;;;24.04.2024;https://shooting.cz/cs/souteze/2024-05-01-52nd-grand-prix-of-liberation-2024-plzen
01.05.2024;12.05.2024;ISSF World Cup Baku;Baku;repre-tùmy, Sledovanù, Svìt;Muìi, eny;VzPi 60, SP 30 m’øená, RP 2x30, VzPu 60 ISSF, SM 3x20, LM 3x20, Skeet, Trap;;;;;https://shooting.cz/cs/souteze/2024-01-24-issf-world-cup-cairo-egypt-clone-400592
03.05.2024;05.05.2024;Oblastn’ støelecká liga kule Karviná 2024 - 2. kolo + ÈPM 2024 - 1. kolo (RP 2x30);Karviná - Nové Mìsto;2. kategorie;Muìi, eny, Junioøi, Juniorky, Dorostenci st., Dorostenky st., dorostenci ml., dorostenky ml.;SP 30+30, LP 60, StP 3x20, RP 2x30, VP 15+15;;;373;;https://shooting.cz/cs/souteze/2024-05-03-oblastni-strelecka-liga-kule-karvina-2024-2-kolo-cpm-2024-1-kolo-rp-2x30-1
04.05.2024;04.05.2024;Karlovarská liga LP60 2.kolo;Lomnice u Sokolova;2. kategorie;Muìi, Junioøi, Senioøi;LP 60;;;258;04.05.2024;https://shooting.cz/cs/souteze/2024-05-04-karlovarska-liga-lp60-2-kolo-1
04.05.2024;04.05.2024;Memoriál K. Trnky;Praha 9 Hloubìt’n;3. kategorie;Muìi, eny;SP 30 m’øená;;;121;02.05.2024;https://shooting.cz/cs/souteze/2025-04-19-memorial-trnky-1
04.05.2024;04.05.2024;Pohár osvobozen’ mìsta Hluè’na;Hluè’n;2. kategorie;Muìi, eny, Junioøi, Juniorky, Dorostenci st., Dorostenky st., dorostenci ml., dorostenky ml., Veteráni;SM 3x20, SM 60;;;34;02.05.2024;https://shooting.cz/cs/souteze/2024-05-04-pohar-osvobozeni-mesta-hlucina
04.05.2024;04.05.2024;Posázavské pøedovky;Krhanice;2. kategorie;;PePiC, PeRe, KøPiC, DPi, PePiV;;;117;;https://shooting.cz/cs/souteze/2024-05-04-posazavske-predovky-1
04.05.2024;04.05.2024;Št’t mìsta Tøeštì;Tøeš;2. kategorie;Muìi, eny, Junioøi, Juniorky, Dorostenci st., dorostenci ml.;SM 3x20, SM 60 ISSF, LM 3x20, LM 60 ISSF;;;39;04.05.2024;https://shooting.cz/cs/souteze/2024-05-04-stit-mesta-treste-1
04.05.2024;04.05.2024;VC dvorù;Dvory;2. kategorie;;SM 60, LM 60;;;37;;https://shooting.cz/cs/souteze/2024-05-04-vc-dvoru
05.05.2024;05.05.2024;Pohár Ostroje Opava;Opava;2. kategorie;Muìi, eny, Junioøi, Juniorky, Dorostenci st., Dorostenky st.;SM 3x20, SM 60;;;4;02.05.2024;https://shooting.cz/cs/souteze/2024-05-05-pohar-ostroje-opava
05.05.2024;05.05.2024;Støelecká liga Horn’ Cerekev 2024 - 1.kolo;Horn’ Cerekev;2. kategorie;Muìi, eny, Junioøi, Juniorky, Dorostenci st., dorostenci ml.;SM 3x20, SM 60 ISSF, LM 3x20, LM 60 ISSF;;;252;05.05.2024;https://shooting.cz/cs/souteze/2024-05-05-strelecka-liga-horni-cerekev-2024-1-kolo-1
08.05.2024;08.05.2024;Jarn’ cena;Chotìboø;2. kategorie;Muìi, eny, Junioøi, Juniorky, Dorostenci st., dorostenci ml.;SM 3x20, SM 60, LM 3x20, LM 60;;;120;;https://shooting.cz/cs/souteze/2024-05-08-jarni-cena-1
11.05.2024;11.05.2024;Boreckù pohár 2024 - 1.kolo;Borek;2. kategorie;Muìi;SP 30+30;;;42;11.05.2024;https://shooting.cz/cs/souteze/2024-05-11-borecky-pohar-2024-1-kolo-1
11.05.2024;11.05.2024;Jarn’ Cena Chaloupek;Praha 9;2. kategorie;Muìi, eny, Junioøi, Juniorky, Dorostenci st., Dorostenky st., dorostenci ml., dorostenky ml.;SM 3x20, SM 60, LM 3x20, LM 60;;;134;11.05.2024;https://shooting.cz/cs/souteze/2024-05-11-jarni-cena-chaloupek
11.05.2024;11.05.2024;Memoriál M. Hamerleho;Praha 9 Hloubìt’n;2. kategorie;Muìi, eny;VP 15+15;;;121;09.05.2024;https://shooting.cz/cs/souteze/2024-04-20-aprilova-sportka-1
11.05.2024;11.05.2024;O pohár starosty obce Brništì - 2. roèn’k;Brništì ;2. kategorie;Muìi, eny, Dorostenci st., áci 13 a 14 let, áci do 12 let;VzPu 60 ISSF, VzPu 40 ISSF, VzPu 30 ISSF vlee;;;10;11.05.2024;https://shooting.cz/cs/souteze/2024-05-11-o-pohar-starosty-obce-brniste-2-rocnik-1
11.05.2024;11.05.2024;VC Dvorù;Dvory;2. kategorie;;SP 30+30;;;37;;https://shooting.cz/cs/souteze/2024-05-11-vc-dvoru
11.05.2024;11.05.2024;VC SSK ŠKODA - dvojzávod;Vrchlab’;2. kategorie, Pi;Muìi;VP 30+30;;;95;11.05.2024;https://shooting.cz/cs/souteze/2024-05-11-vc-ssk-skoda-dvojzavod
11.05.2024;12.05.2024;Velká cena Medvìdù 6.roèn’k;Podìbrady;2. kategorie;;SM 3x20, SM 60, LM 3x20, LM 60;SSK DDM Kol’n è. 0045;;45;;https://shooting.cz/cs/souteze/2024-05-11-velka-cena-medvedu-6-rocnik-1
12.05.2024;12.05.2024;Chocholoušská šedesátka;Bystøice nad Pernštejnem;2. kategorie;Muìi, eny, Junioøi, Juniorky, Dorostenci st., dorostenci ml.;SM 60, LM 60;;;303;;https://shooting.cz/cs/souteze/2024-05-12-chocholousska-sedesatka-1
12.05.2024;12.05.2024;Májová cena - 32.roèn’k;Svitavy;2. kategorie;Muìi, eny;VzPi 60, VzPi 40;SVÈ Svitavy;;119;04.05.2024;https://shooting.cz/cs/souteze/2024-05-12-majova-cena-32-rocnik
15.05.2024;27.05.2024;European Championships Lonato;Lonato;repre-tùmy, Sledovanù, Svìt;Muìi, eny, Junioøi, Juniorky;Skeet, Trap;;;;;https://shooting.cz/cs/souteze/2024-05-15-european-championships-lonato
17.05.2024;19.05.2024;Kontroln’ sledovanù závod 2024 2.kolo;Plzeò;1. kategorie, ebø’èek, Sledovanù, Stát;Muìi, eny;LP 60, StP 3x20, VP 30+30, SM 60 ISSF, LM 60 ISSF;;;;;https://shooting.cz/cs/souteze/2024-05-17-kontrolni-sledovany-zavod-2024-2-kolo
17.05.2024;19.05.2024;Kontroln’ závod reprezentace 2024 2.kolo;Plzeò;1. kategorie, ebø’èek, Sledovanù, Stát;Muìi, eny;VzPi 60, SP 30+30, RP 2x30, VzPu 60 ISSF, SM 3x20, LM 3x20;;;;;https://shooting.cz/cs/souteze/2024-05-17-kontrolni-zavod-reprezentace-2024-2-kolo
18.05.2024;18.05.2024;Velká cena Chaloupek;Praha 9 Hloubìt’n;2. kategorie;Muìi, eny;SP 30+30;;;121;16.05.2024;https://shooting.cz/cs/souteze/2024-05-18
18.05.2024;18.05.2024;Západoèeská liga dorostu - 3.kolo;Klatovy;2. kategorie;Dorostenci st., Dorostenky st.;SM 60, LM 60;;;173;17.05.2024;https://shooting.cz/cs/souteze/2024-05-18-zapadoceska-liga-dorostu-3-kolo-1
19.05.2024;19.05.2024;Støelecká liga Horn’ Cerekev 2024 - 2.kolo;Horn’ Cerekev;2. kategorie;Muìi, eny, Junioøi, Juniorky, Dorostenci st., dorostenci ml.;SM 3x20, SM 60 ISSF, LM 3x20, LM 60 ISSF;;;252;19.05.2024;https://shooting.cz/cs/souteze/2024-05-19-strelecka-liga-horni-cerekev-2024-2-kolo
23.05.2024;09.06.2024;European Championships Osijek;Osijek;repre-tùmy, Sledovanù, Svìt;Muìi, eny, Junioøi, Juniorky;SP 30 m’øená, LP 60, RP 2x30, SM 3x20, SM 60 ISSF, LM 3x20, LM 60 ISSF;;;;;https://shooting.cz/cs/souteze/2024-05-23-european-championships-osijek
25.05.2024;25.05.2024;Cena pivovaru Chotìboø;Chotìboø;2. kategorie;Muìi, eny, Junioøi, Juniorky, Dorostenci st., dorostenci ml.;SP 30+30;;;120;;https://shooting.cz/cs/souteze/2024-05-25-cena-pivovaru-chotebor-1
25.05.2024;25.05.2024;Chalupecké mizivky;Praha 9;3. kategorie;Muìi, eny, Junioøi;M-PU-MC(Pu), M-PU-MC(OM);;;134;25.05.2024;https://shooting.cz/cs/souteze/2024-05-25-chalupecke-mizivky-1
25.05.2024;25.05.2024;Májová sportka;Praha 9 Hloubìt’n;3. kategorie;Muìi, eny;SP 30 m’øená;;;121;23.05.2024;https://shooting.cz/cs/souteze/2024-05-25
25.05.2024;26.05.2024;Èeskù pohár mládee 2024 2.kolo Karlovy Vary - Bøezová;Karlovy Vary - Bøezová;1. kategorie, ebø’èek, Sledovanù, Stát;Dorostenci st., Dorostenky st.;VzPi 40, SP 30+30, VzPu 40 ISSF, SM 3x20, SM 60;Èeskù støeleckù svaz;;115;13.05.2024;https://shooting.cz/cs/souteze/2024-05-25-cesky-pohar-mladeze-2024-2-kolo-karlovy-vary-brezova
25.05.2024;26.05.2024;Èeskù pohár mládee 2024 2.kolo Ostrava;Ostrava - Poruba;1. kategorie, ebø’èek, Sledovanù, Stát;Dorostenci st., Dorostenky st.;VzPi 40, SP 30+30, VzPu 40 ISSF, SM 3x20, SM 60;Èeskù støeleckù svaz;;368;13.05.2024;https://shooting.cz/cs/souteze/2024-05-25-klon-klon-cesky-pohar-mladeze-2024-2-kolo-ostrava
26.05.2024;26.05.2024;Buchlovské pøedovky;Buchlovice;2. kategorie;Muìi;PePiC, PeRe, PePuC, PePuV;;;209;;https://shooting.cz/cs/souteze/2024-05-26-buchlovske-predovky
26.05.2024;26.05.2024;Cena SSK ïár n.S.;Velké Meziø’è’;2. kategorie;Muìi, eny, Junioøi, Juniorky, Dorostenci st., dorostenci ml.;SM 3x20, SM 60, LM 3x20, LM 60;;;161;;https://shooting.cz/cs/souteze/2024-05-26-cena-ssk-zdar-n-s
26.05.2024;26.05.2024;Kelèská liga 2024 - 2.kolo;Kelè;2. kategorie;Muìi;SP 30+30;;;464;;https://shooting.cz/cs/souteze/2024-05-26-kelcska-liga-2024-2-kolo-1
26.05.2024;26.05.2024;Memoriál Miloše Slaniny 2024;Karviná;2. kategorie;Muìi, eny, Junioøi, Juniorky, Dorostenci st.;LP 60;;;373;26.05.2024;https://shooting.cz/cs/souteze/2024-05-26-memorial-milose-slaniny-2024
31.05.2024;02.06.2024;Oblastn’ støelecká liga kule Karviná 2024 - 3. kolo + ÈPM 2024 - 2. kolo (RP 2x30);Karviná - Nové Mìsto;2. kategorie;Muìi, eny, Junioøi, Juniorky, Dorostenci st., Dorostenky st., dorostenci ml., dorostenky ml.;SP 30+30, LP 60, StP 3x20, RP 2x30, VP 15+15;;;373;;https://shooting.cz/cs/souteze/2024-05-31-oblastni-strelecka-liga-kule-karvina-2024-3-kolo-cpm-2024-2-kolo-rp-2x30-1
31.05.2024;07.06.2024;ISSF World Cup Munich;Mnichov;repre-tùmy, Sledovanù, Svìt;Muìi, eny;VzPi 60, SP 30 m’øená, RP 2x30, VzPu 60 ISSF, SM 3x20, LM 3x20;;;;;https://shooting.cz/cs/souteze/2024-02-10-issf-world-cup-granada-clone-911039
01.06.2024;01.06.2024;Jarn’ cena Pøezletic;Ctìnice;2. kategorie;Muìi, eny, Dorostenci st., dorostenci ml.;SM 3x20, SM 60, LM 3x20, LM 60;;;190;;https://shooting.cz/cs/souteze/2024-06-01-jarni-cena-prezletic-1
01.06.2024;01.06.2024;Pohár J. Krofty;Praha 9 Hloubìt’n;2. kategorie;Muìi, eny;SP 30 m’øená;;;121;30.05.2024;https://shooting.cz/cs/souteze/2024-06-01
01.06.2024;01.06.2024;Posázavská tøic’tka Memorial Jaroslava Birndta;Krhanice;3. kategorie;;SP 30 m’øená;;;117;;https://shooting.cz/cs/souteze/2024-06-01-posazavska-tricitka-memorial-jaroslava-birndta-1
01.06.2024;01.06.2024;VC Krhanic;Krhanice;2. kategorie;;StP 3x20;;;117;;https://shooting.cz/cs/souteze/2024-06-01-vc-krhanic-1
01.06.2024;01.06.2024;VC SSK 0311-Most 2024;Èepirohy;2. kategorie;Muìi;PePiC, PeRe, KøPiC, PePiV, PePuC, PePuV, KøPuC, KøPuV;;;311;01.06.2024;https://shooting.cz/cs/souteze/2024-06-01-vc-ssk-0311-most-2024
01.06.2024;01.06.2024;VC SSK Brništì;Brništì ;2. kategorie;Muìi, eny, Dorostenci st.;SM 60 ISSF, LM 60 ISSF;;;10;01.06.2024;https://shooting.cz/cs/souteze/2024-06-01-vc-ssk-brniste-1
02.06.2024;02.06.2024;Lukovská sportka XV. ro4n9k;Luková u Lanškrouna;2. kategorie;Muìi;SP 30+30, VP 30+30;SSKP ORLICE Úst’ nad Orlic’;;262;24.05.2024;https://shooting.cz/cs/souteze/2024-06-02-lukovska-sportka-xv-ro4n9k
02.06.2024;02.06.2024;Memoriál Oldøicha Gavendy 4. roèn’k;Opava;2. kategorie;Muìi, eny, Junioøi, Juniorky, Dorostenci st., Dorostenky st.;SM 3x20, SM 60, LM 3x20, LM 60;;;4;30.05.2024;https://shooting.cz/cs/souteze/2024-06-02-memorial-oldricha-gavendy-4-rocnik
02.06.2024;02.06.2024;Støelecká liga Horn’ Cerekev 2024 - 3.kolo, Pohár AVZO Horn’ Cerekev;Horn’ Cerekev;2. kategorie;Muìi, eny, Junioøi, Juniorky, Dorostenci st., dorostenci ml.;SM 3x20, SM 60 ISSF, LM 3x20, LM 60 ISSF;;;252;02.06.2024;https://shooting.cz/cs/souteze/2024-06-02-strelecka-liga-horni-cerekev-2024-3-kolo-pohar-avzo-horni-cerekev
07.06.2024;09.06.2024;International Championship of Veterans;Plzeò;1. kategorie, Svìt;Veteráni 45 - 54 let, Veteráni 65+ let, SH1, eny, Veteráni;VzPi 40, SP 30+30, SP 30 m’øená, VzPu 40 ISSF;;;15;30.05.2024;https://shooting.cz/cs/souteze/2024-06-07-international-championship-of-veterans
08.06.2024;08.06.2024;Èervnové stø’len’ ;Borek;2. kategorie;Muìi, eny, Junioøi, Juniorky, Dorostenci st., áci 13 a 14 let, áci do 12 let;VzPu 60 ISSF, VzPu 40 ISSF, VzPu 30 ISSF vlee;;;301;05.06.2024;https://shooting.cz/cs/souteze/2024-06-08-cervnove-strileni-1
08.06.2024;08.06.2024;Dvorská šance;Dvory;2. kategorie;;VP 30+30;;;37;;https://shooting.cz/cs/souteze/2024-06-08-dvorska-sance
10.06.2024;19.06.2024;ISSF World Cup Lonato;Lonato;repre-tùmy, Sledovanù;Muìi, eny;Skeet, Trap;;;;;https://shooting.cz/cs/souteze/2024-02-04-issf-world-cup-shotgun-rabat-clone-216992
14.06.2024;16.06.2024;Kontroln’ sledovanù závod 2024 3.kolo;Plzeò;1. kategorie, ebø’èek, Sledovanù, Stát;Muìi, eny;LP 60, StP 3x20, VP 30+30, SM 60 ISSF, LM 60 ISSF;;;;;https://shooting.cz/cs/souteze/2024-06-14-kontrolni-sledovany-zavod-2024-3-kolo
14.06.2024;16.06.2024;Kontroln’ závod reprezentace 2024 3.kolo;Plzeò;1. kategorie, ebø’èek, Sledovanù, Stát;Muìi, eny;VzPi 60, SP 30+30, RP 2x30, VzPu 60 ISSF, SM 3x20, LM 3x20;;;;;https://shooting.cz/cs/souteze/2024-06-14-kontrolni-zavod-reprezentace-2024-3-kolo
15.06.2024;15.06.2024;Akátová sportka;Praha 9 Hloubìt’n;3. kategorie;Muìi, eny;SP 30 m’øená;;;121;13.06.2024;https://shooting.cz/cs/souteze/2024-06-15-akatova-sportka-1
15.06.2024;15.06.2024;Boreckù pohár 2024 - 2.kolo;Borek;2. kategorie;Muìi;SP 30+30;;;42;11.05.2024;https://shooting.cz/cs/souteze/2024-06-15-borecky-pohar-2024-2-kolo-1
15.06.2024;15.06.2024; Memoriál Fr. Myšky;Dvory;2. kategorie;;SM 60, LM 60;;;37;;https://shooting.cz/cs/souteze/2024-06-15-memorial-fr-mysky
16.06.2024;16.06.2024;Lukovská kule  XVII. roèn’k +  pøebor Pardubického a  Královéhradeckého kraje;Luková u Lanškrouna;2. kategorie, Kraj;Muìi;PePiC, PeRe, KøPiC, PePiV, PePuC, PePuV, KøPuC;SSKP ORLICE Úst’ nad Orlic’;;262;07.06.2024;https://shooting.cz/cs/souteze/2024-06-16-lukovska-kule-xvii-rocnik
21.06.2024;23.06.2024;Oblastn’ støelecká liga kule Karviná 2024 - 4. kolo + ÈPM 2024 - 3. kolo (RP 2x30);Karviná - Nové Mìsto;2. kategorie;Muìi, eny, Junioøi, Juniorky, Dorostenci st., Dorostenky st., dorostenci ml., dorostenky ml.;SP 30+30, LP 60, StP 3x20, RP 2x30, VP 15+15;;;373;;https://shooting.cz/cs/souteze/2024-06-21-oblastni-strelecka-liga-kule-karvina-2024-4-kolo-cpm-2024-3-kolo-rp-2x30-1
22.06.2024;22.06.2024;Letn’ Cena Chaloupek;Praha 9;2. kategorie;Muìi, eny, Junioøi, Juniorky, Dorostenci st., Dorostenky st., dorostenci ml., dorostenky ml.;SM 3x20, SM 60, LM 3x20, LM 60;;;134;;https://shooting.cz/cs/souteze/2024-06-22-letni-cena-chaloupek-1
22.06.2024;22.06.2024; VC SSK+AVZO Semily - Historické zbranì;Semily;2. kategorie;;PeRe, PeRe50m, KøPiC, PePiV, PePuV, KøPuV, Werndl;Michal Saska;;731;05.10.2024;https://shooting.cz/cs/souteze/2024-06-22-vc-ssk-avzo-semily-historicke-zbrane-1
23.06.2024;23.06.2024;VC SSK Prosimìøice;Prosimìøice;2. kategorie;Muìi, eny, Junioøi, Juniorky, Dorostenci st., dorostenci ml.;SM 3x20, SM 60, LM 3x20, LM 60;;;125;23.06.2024;https://shooting.cz/cs/souteze/2024-06-23-vc-ssk-prosimerice
23.06.2024;23.06.2024;Velká cena Bystøice n.P.;Bystøice nad Pernštejnem;2. kategorie;Muìi, eny, Junioøi, Juniorky, Dorostenci st., dorostenci ml.;SM 3x20, SM 60, LM 3x20, LM 60;;;303;;https://shooting.cz/cs/souteze/2024-06-23-velka-cena-bystrice-n-p-1
23.06.2024;23.06.2024;Vrchlabská libovolka I. a sportka;Vrchlab’;2. kategorie, Pi;Muìi, eny, Dorostenci st., Dorostenky st.;SP 30+30, LP 60;;;95;23.06.2024;https://shooting.cz/cs/souteze/2024-06-23-vrchlabska-libovolka-i-a-sportka-1
24.06.2024;27.06.2024;Olympiáda dìt’ a mládee 2024;Èeské Budìjovice;1. kategorie, Sledovanù;Dorostenci st., Dorostenky st.;VzPi 40, VzPu 40 ISSF;"Kraj Jihoèeskù;  ÈSS z.s. - Jihoèeské krajské sdruìen’";;;27.05.2024;https://shooting.cz/cs/souteze/2024-06-24-olympiada-deti-a-mladeze-2024-1
29.06.2024;29.06.2024;Polabskù pohár;podìbrady;2. kategorie;;SM 60, LM 60;Kol’n 0348;;32;;https://shooting.cz/cs/souteze/2024-06-29-polabsky-pohar-1
29.06.2024;29.06.2024;VC Buchlovic;Buchlovice;2. kategorie;Muìi, eny, Junioøi;SP 30+30, VP 15+15;;;209;;https://shooting.cz/cs/souteze/2024-06-29-vc-buchlovic-1
29.06.2024;30.06.2024;Èeskù pohár mládee 2024 3.kolo Manušice;Manušice;1. kategorie, ebø’èek, Sledovanù, Stát;Dorostenci st., Dorostenky st.;VzPi 40, SP 30+30, VzPu 40 ISSF, SM 3x20, SM 60;Èeskù støeleckù svaz;;200;17.06.2024;https://shooting.cz/cs/souteze/2024-06-29-cesky-pohar-mladeze-2024-3-kolo-manusice
29.06.2024;30.06.2024;Èeskù pohár mládee 2024 3.kolo Ostrava;Ostrava - Poruba;1. kategorie, ebø’èek, Sledovanù, Stát;Dorostenci st., Dorostenky st.;VzPi 40, SP 30+30, VzPu 40 ISSF, SM 3x20, SM 60;Èeskù støeleckù svaz;;368;17.06.2024;https://shooting.cz/cs/souteze/2024-06-29-cesky-pohar-mladeze-2024-3-kolo-ostrava
30.06.2024;30.06.2024;Kelèská liga 2024 - 3.kolo, CENA KELÈE;Kelè;2. kategorie;Muìi;SP 30+30;;;464;;https://shooting.cz/cs/souteze/2024-06-30-kelcska-liga-2024-3-kolo-cena-kelce
05.07.2024;05.07.2024;Klatovskù karafiát;Klatovy;2. kategorie;Muìi, eny, Junioøi, Juniorky, Dorostenci st., Senioøi;SP 30+30, LP 60;;;173;04.07.2024;https://shooting.cz/cs/souteze/2024-07-05-klatovsky-karafiat-1
06.07.2024;06.07.2024;59. roèn’k Velké ceny mìsta Uherskù Ostroh a 45. Roèn’k memoriálu Stanislava Køiváka;Uherskù Ostroh;2. kategorie;Muìi;PePiC, PeRe, PeRe50m, KøPiC, DPi, PePiV, PePuC, PePuV, KøPuC, DPu, DPuK, KøPuV, PePuC100m, PePuV100m, KøPu100;;;210;06.07.2024;https://shooting.cz/cs/souteze/2024-07-06-59-rocnik-velke-ceny-mesta-uhersky-ostroh-a-45-rocnik-memorialu-stanislava-krivaka
06.07.2024;06.07.2024;Velká cena Chotìboøe;Chotìboø;2. kategorie;Muìi, eny, Junioøi, Juniorky, Dorostenci st., dorostenci ml.;SP 30+30;;;120;;https://shooting.cz/cs/souteze/2024-07-06-velka-cena-chotebore-1
09.07.2024;16.07.2024;ISSF Junior World Cup Porpetto;Porpetto;repre-tùmy, Sledovanù, Svìt;Junioøi, Juniorky;Skeet, Trap;;;;;https://shooting.cz/cs/souteze/2024-07-09-issf-junior-world-cup-porpetto
10.07.2024;14.07.2024;Meeting of the Shooting Hopes 2024;Plzeò;1. kategorie, ebø’èek, Sledovanù, Svìt;Junioøi, Juniorky;VzPi 60, SP 30+30, LP 60, StP 3x20, RP 2x30, VzPu 60 ISSF, SM 3x20, SM 60 ISSF, LM 3x20, LM 60 ISSF;Sdruìen’ støeleckùch klubù mìsta Plznì;;;03.07.2024;https://shooting.cz/cs/souteze/2024-07-10-meeting-of-the-shooting-hopes-2024
20.07.2024;20.07.2024;Pohár mìsta Chotìboøe;Chotìboø;2. kategorie;Muìi, eny, Junioøi, Juniorky, Dorostenci st., dorostenci ml.;SP 30+30;;;120;;https://shooting.cz/cs/souteze/2024-07-20-pohar-mesta-chotebore-1
20.07.2024;20.07.2024;Velká cena Batelova;Batelov;2. kategorie;Muìi, eny, Junioøi, Dorostenci st., dorostenci ml.;SM 60, LM 60;;;383;18.07.2024;https://shooting.cz/cs/souteze/2024-07-20-velka-cena-batelova
21.07.2024;21.07.2024;Støelecká liga Horn’ Cerekev 2024 - 4.kolo;Horn’ Cerekev;2. kategorie;Muìi, eny, Junioøi, Juniorky, Dorostenci st., dorostenci ml.;SM 3x20, SM 60 ISSF, LM 3x20, LM 60 ISSF;;;252;21.07.2024;https://shooting.cz/cs/souteze/2024-07-21-strelecka-liga-horni-cerekev-2024-4-kolo
26.07.2024;05.08.2024;XXXIII Olympic Games;Paø’;repre-tùmy, Sledovanù, Svìt;Muìi, eny;VzPi 60, SP 30 m’øená, RP 2x30, VzPu 60 ISSF, SM 3x20, LM 3x20, Skeet, Trap;;;;;https://shooting.cz/cs/souteze/2024-07-26-xxxiii-olympic-games
27.07.2024;27.07.2024;Boreckù pohár 2024 - 3.kolo;Borek;2. kategorie;Muìi;SP 30+30;;;42;11.05.2024;https://shooting.cz/cs/souteze/2024-07-27-borecky-pohar-2024-3-kolo-1
27.07.2024;28.07.2024;Potkali se u Kol’na 11.roèn’k;Podìbrady;2. kategorie;;SM 3x20, SM 60, LM 3x20, LM 60;SSK DDM Kol’n è. 0045;;45;;https://shooting.cz/cs/souteze/2024-07-27-potkali-se-u-kolina-11-rocnik-2
28.07.2024;28.07.2024;Kelèská liga 2024 - 4.kolo;Kelè;2. kategorie;Muìi;SP 30+30;;;464;;https://shooting.cz/cs/souteze/2024-07-28-kelcska-liga-2024-4-kolo-1
03.08.2024;03.08.2024;Memoriál Guntera Stoklasy  ,, osmù  ROÈNÍK “;Nová paka;2. kategorie;Muìi;PePiC, PeRe, PePiV, PePuC, PePuV, KøPuC, Werndl;;;192;03.08.2024;https://shooting.cz/cs/souteze/2024-08-03-memorial-guntera-stoklasy-osmy-rocnik
04.08.2024;04.08.2024;Pohár Lobez;Plzeò;2. kategorie;Muìi, eny, Dorostenci st., Dorostenky st., Senioøi;SP 30+30, StP 3x20;;;232;02.08.2024;https://shooting.cz/cs/souteze/2024-08-04-pohar-lobez
10.08.2024;10.08.2024;Boreckù pohár 2024 - 4.kolo;Borek;2. kategorie;Muìi;SP 30+30;;;42;11.05.2024;https://shooting.cz/cs/souteze/2024-08-10-borecky-pohar-2024-4-kolo-1
10.08.2024;10.08.2024;Memoriál Josefa Sùse;Sokolov;2. kategorie;Muìi, eny, Junioøi, Dorostenci st., Senioøi;SP 30+30, StP 3x20;;;258;10.08.2024;https://shooting.cz/cs/souteze/2024-08-10-memorial-josefa-syse
10.08.2024;10.08.2024;Pohár mìsta Hluè’na;Hluè’n;2. kategorie;Muìi, eny, Junioøi, Juniorky, Dorostenci st., Dorostenky st., dorostenci ml., dorostenky ml., Veteráni;SM 3x20, SM 60;;;34;09.08.2024;https://shooting.cz/cs/souteze/2024-08-10-pohar-mesta-hlucina-1
11.08.2024;11.08.2024;Opavskù leák a standard a pøebor Moravskoslezského kraje;Opava;2. kategorie;Muìi, eny, Junioøi, Juniorky, Dorostenci st., Dorostenky st.;SM 3x20, SM 60, LM 3x20, LM 60;Ostroj Opava;;4;08.08.2024;https://shooting.cz/cs/souteze/2024-08-11-opavsky-lezak-a-standard-a-prebor-moravskoslezskeho-kraje
11.08.2024;11.08.2024;Støelecká liga Horn’ Cerekev 2024 - 5.kolo;Horn’ Cerekev;2. kategorie;Muìi, eny, Junioøi, Juniorky, Dorostenci st., dorostenci ml.;SM 3x20, SM 60 ISSF, LM 3x20, LM 60 ISSF;;;252;11.08.2024;https://shooting.cz/cs/souteze/2024-08-11-strelecka-liga-horni-cerekev-2024-5-kolo
17.08.2024;18.08.2024;Akademické mistrovstv’ ÈR 2024;Plzeò;1. kategorie, ebø’èek, Sledovanù, Stát;Muìi, eny;VzPi 60, SP 30+30, LP 60, VzPu 60 ISSF, SM 3x20, SM 60, LM 3x20, LM 60 ISSF;Èeskù støeleckù svaz;;;17.08.2024;https://shooting.cz/cs/souteze/2024-08-17-akademicke-mistrovstvi-cr-2024
17.08.2024;18.08.2024;Èeskù pohár mládee 2024 4.kolo Plzeò spoleèné;Plzeò;1. kategorie, ebø’èek, Sledovanù, Stát;Dorostenci st., Dorostenky st.;VzPi 40, SP 30+30, RP 2x30, VzPu 40 ISSF, SM 3x20, SM 60;Èeskù støeleckù svaz;;;05.08.2024;https://shooting.cz/cs/souteze/2024-08-17-cesky-pohar-mladeze-2024-4-kolo-plzen-spolecne
18.08.2024;18.08.2024;Vrchlabská libovolka II. a sportka;Vrchlab’;2. kategorie, Pi;Muìi, eny, Dorostenci st., Dorostenky st.;SP 30+30, LP 60;;;95;18.08.2024;https://shooting.cz/cs/souteze/2024-08-18-vrchlabska-libovolka-ii-a-sportka-1
23.08.2024;25.08.2024;Kontroln’ sledovanù závod 2024 4.kolo;Plzeò;1. kategorie, ebø’èek, Sledovanù, Stát;Muìi, eny;LP 60, StP 3x20, VP 30+30, SM 60 ISSF, LM 60 ISSF;;;;;https://shooting.cz/cs/souteze/2024-08-23-kontrolni-sledovany-zavod-2024-4-kolo
23.08.2024;25.08.2024;Kontroln’ závod reprezentace 2024 4.kolo;Plzeò;1. kategorie, ebø’èek, Sledovanù, Stát;Muìi, eny;VzPi 60, SP 30+30, RP 2x30, VzPu 60 ISSF, SM 3x20, LM 3x20;;;;;https://shooting.cz/cs/souteze/2024-08-23-kontrolni-zavod-reprezentace-2024-4-kolo
24.08.2024;24.08.2024;Rychlá pistole;Nová paka;3. kategorie;Muìi;StVzPi 3x20;;;192;24.08.2024;https://shooting.cz/cs/souteze/2024-08-24-rychla-pistole
24.08.2024;25.08.2024;VC Podìbrad 2024 - Memoriál J. Vlèka;Podìbrady;2. kategorie;;LM 3x20, LM 60;;;32;;https://shooting.cz/cs/souteze/2024-08-24-vc-podebrad-2024-memorial-j-vlcka-1
30.08.2024;01.09.2024;Oblastn’ støelecká liga kule Karviná 2024 - 5. kolo;Karviná - Nové Mìsto;2. kategorie;Muìi, eny, Junioøi, Juniorky, Dorostenci st., Dorostenky st., dorostenci ml., dorostenky ml.;SP 30+30, LP 60, StP 3x20, RP 2x30, VP 15+15;;;373;;https://shooting.cz/cs/souteze/2024-08-30-oblastni-strelecka-liga-kule-karvina-2024-5-kolo-1
31.08.2024;31.08.2024;Memoriál Gery a Libora Kùrkovùch;Manušice;2. kategorie;Muìi, eny, Junioøi, Juniorky, Dorostenci st., dorostenci ml.;SM 3x20, SM 60;;;200;25.08.2024;https://shooting.cz/cs/souteze/2024-08-31-memorial-gery-a-libora-kurkovych-1
31.08.2024;31.08.2024;Podzimn’ vùstøel;Horn’ Cerekev;2. kategorie;Muìi, eny;SM 60 ISSF, LM 60 ISSF;;;252;31.08.2024;https://shooting.cz/cs/souteze/2024-08-31-podzimni-vystrel
31.08.2024;31.08.2024;Posledn’ prázdninovù vùstøel 23. roèn’k a 16. roèn’k Memoriálu Karla Aubuse;Uherskù Ostroh;2. kategorie;Muìi;PePiC, PeRe, PeRe50m, KøPiC, DPi, PePuC, PePuV, KøPuC, DPu, PePuC100m, PePuV100m;;;210;31.08.2024;https://shooting.cz/cs/souteze/2024-08-31-posledni-prazdninovy-vystrel-23-rocnik-a-16-rocnik-memorialu-karla-aubuse
31.08.2024;31.08.2024;Velká cena SSK Chotìboø;Chotìboø;2. kategorie;Muìi, eny, Junioøi, Juniorky, Dorostenci st., dorostenci ml.;SM 3x20, SM 60, LM 3x20, LM 60;;;120;;https://shooting.cz/cs/souteze/2024-08-31-velka-cena-ssk-chotebor-1
01.09.2024;01.09.2024;Memoriál F.Vobra;Bystøice nad Pernštejnem;2. kategorie;Muìi, eny, Junioøi, Juniorky, Dorostenci st., dorostenci ml.;SM 60, LM 60;;;303;;https://shooting.cz/cs/souteze/2024-09-01-memorial-f-vobra-1
01.09.2024;01.09.2024;Memoriál Ilka Dlouhého;Prosimìøice;2. kategorie;Muìi, eny, Junioøi, Juniorky, Dorostenci st., dorostenci ml.;SM 3x20, SM 60, LM 3x20, LM 60;;;125;01.09.2024;https://shooting.cz/cs/souteze/2024-09-01-memorial-ilka-dlouheho
06.09.2024;08.09.2024;Èeskù pohár mládee 2024 finále Plzeò;Plzeò;1. kategorie, ebø’èek, Sledovanù, Stát;Dorostenci st., Dorostenky st.;VzPi 40, SP 30+30, RP 2x30, VzPu 40 ISSF, SM 3x20, SM 60;Èeskù støeleckù svaz;;;26.08.2024;https://shooting.cz/cs/souteze/2024-08-17-klon-cesky-pohar-mladeze-2024-4-kolo-plzen
06.09.2024;08.09.2024;Kontroln’ závod reprezentace 2024 Finále;Plzeò;1. kategorie, ebø’èek, Sledovanù, Stát;Muìi, eny;VzPi 60, SP 30+30, RP 2x30, VzPu 60 ISSF, SM 3x20, LM 3x20;;;;;https://shooting.cz/cs/souteze/2024-09-06-kontrolni-zavod-reprezentace-2024-finale
07.09.2024;07.09.2024;Boreckù pohár 2024 - 5.kolo;Borek;2. kategorie;Muìi;SP 30+30;;;42;11.05.2024;https://shooting.cz/cs/souteze/2024-09-07-borecky-pohar-2024-5-kolo-1
07.09.2024;07.09.2024;Memoriál Františka Rejmana;Praha 9 Hloubìt’n;3. kategorie;Muìi, eny;SP 30 m’øená;;;121;05.09.2024;https://shooting.cz/cs/souteze/2024-09-07-memorial-frantiska-rejmana-1
08.09.2024;08.09.2024;Kelèská liga 2024 - 5.kolo + FINÁLE;Kelè;2. kategorie;Muìi;SP 30+30;;;464;;https://shooting.cz/cs/souteze/2024-09-08-kelcska-liga-2024-5-kolo-finale-1
09.09.2024;12.09.2024;Memoriál Milana Albrechta;Hluè’n;2. kategorie;Muìi, eny, Junioøi, Juniorky, Dorostenci st., Dorostenky st., Veteráni;SM 60, LM 60;;;34;12.09.2024;https://shooting.cz/cs/souteze/2024-09-09
14.09.2024;14.09.2024;Chaloupecká sportka;Praha 9 Hloubìt’n;3. kategorie;Muìi, eny;SP 30 m’øená;;;121;12.09.2024;https://shooting.cz/cs/souteze/2024-09-14-chaloupecka-sportka-1
14.09.2024;14.09.2024;Podzimn’ cena Pøezletic;Ctìnice;2. kategorie;Muìi, eny, Dorostenci st., dorostenci ml.;SM 3x20, SM 60, LM 3x20, LM 60;;;190;;https://shooting.cz/cs/souteze/2024-09-14-podzimni-cena-prezletic
14.09.2024;14.09.2024;VC Pelhøimova, Memoriál J.Veverky;Pelhøimov;2. kategorie;Muìi, eny, Junioøi, Juniorky, Dorostenci st., dorostenci ml.;SM 3x20, SM 60, LM 3x20, LM 60;;;353;;https://shooting.cz/cs/souteze/2024-09-14-vc-pelhrimova-memorial-j-veverky-1
15.09.2024;15.09.2024;Memoriál Jana Vondráèka  XVII. roèn’k;Luková u Lanškrouna;2. kategorie;Muìi;PePiC, PeRe, KøPiC, PePiV, PePuC, PePuV, KøPuC;SSKP ORLICE Úst’ nad Orlic’;;262;06.09.2024;https://shooting.cz/cs/souteze/2024-09-15-memorial-jana-vondracka-xvii-rocnik
15.09.2024;15.09.2024;Pohár SSK Bystøice n.P.;Bystøice nad Pernštejnem;2. kategorie;Muìi, eny, Junioøi, Juniorky, Dorostenci st., dorostenci ml.;SM 60, LM 60;;;303;;https://shooting.cz/cs/souteze/2024-09-15-pohar-ssk-bystrice-n-p-1
15.09.2024;15.09.2024;VC Pelhøimova, Memoriál J.Veverky;Pelhøimov;2. kategorie;Muìi, eny, Junioøi, Juniorky, Dorostenci st., dorostenci ml.;SP 30+30, VP 30+30;;;353;;https://shooting.cz/cs/souteze/2024-09-15-vc-pelhrimova-memorial-j-veverky-1
20.09.2024;22.09.2024;Mistrovstv’ ÈR 2024 kule;Plzeò;1. kategorie;Muìi, eny, Junioøi, Juniorky, Dorostenci st., Dorostenky st.;SP 30+30, LP 60, StP 3x20, RP 2x30, VP 30+30, SM 3x20, SM 60 ISSF, LM 3x20, LM 60 ISSF;Èeskù støeleckù svaz;;;10.09.2024;https://shooting.cz/cs/souteze/2024-09-20-mistrovstvi-cr-2024-kule
21.09.2024;21.09.2024;Krhanické pøedovky;Krhanice;2. kategorie;;PePiC, PeRe, KøPiC, DPi, PePiV;;;117;;https://shooting.cz/cs/souteze/2024-09-21-krhanicke-predovky-1
21.09.2024;21.09.2024;Manušické pøedovky;Manušice;2. kategorie;;PePiC, PeRe, KøPiC, DPi, PePiV, PePuC, PePuV, KøPuC, KøPuV;SSK Manušice 0200;;200;19.09.2024;https://shooting.cz/cs/souteze/2024-09-21-manusicke-predovky-1
21.09.2024;21.09.2024;Podzimn’ Cena Chaloupek;Praha 9;2. kategorie;Muìi, eny, Junioøi, Juniorky, Dorostenci st., Dorostenky st., dorostenci ml., dorostenky ml.;SM 3x20, SM 60, LM 3x20, LM 60;;;134;;https://shooting.cz/cs/souteze/2024-09-21-podzimni-cena-chaloupek
21.09.2024;21.09.2024;VC Buchlovic;Buchlovice;2. kategorie;Muìi;StP 3x20, VP 15+15;;;209;;https://shooting.cz/cs/souteze/2024-09-21-vc-buchlovic-1
21.09.2024;21.09.2024;Velká cena amatérù;Praha 9 Hloubìt’n;3. kategorie;Muìi, eny;SP 30 m’øená;;;121;19.09.2024;https://shooting.cz/cs/souteze/2024-09-21
26.09.2024;09.10.2024;Junior World Championship Lima;Lima;repre-tùmy, Sledovanù, Svìt;Junioøi, Juniorky;VzPi 60, SP 30 m’øená, RP 2x30, VzPu 60 ISSF, SM 3x20, SM 60 ISSF, LM 3x20, LM 60 ISSF, Skeet, Trap;;;;;https://shooting.cz/cs/souteze/2024-11-01-junior-world-championship-lima
28.09.2024;28.09.2024;Velká cena Letova;Praha 9 Hloubìt’n;2. kategorie;Muìi, eny;SP 30 m’øená;;;121;26.09.2024;https://shooting.cz/cs/souteze/2024-09-28-1
29.09.2024;29.09.2024;Honba za rekordy Petra Hubáèe 2024;;2. kategorie;Muìi, eny, Junioøi, Juniorky, Dorostenci st., Dorostenky st., dorostenci ml., dorostenky ml.;SpVzPi 30+30, StVzPi 3x20;;;373;29.09.2024;https://shooting.cz/cs/souteze/2024-09-29-honba-za-rekordy-petra-hubace-2024
29.09.2024;29.09.2024;Pohár SSK Mostištì;Velké Meziø’è’;2. kategorie;Muìi, eny, Junioøi, Juniorky, Dorostenci st., dorostenci ml.;SM 60, LM 60;;;287;;https://shooting.cz/cs/souteze/2024-09-29-pohar-ssk-mostiste-1
29.09.2024;29.09.2024;Posázavskù pohár, 65.roèn’k;Krhanice;2. kategorie;;SP 30+30;;;117;;https://shooting.cz/cs/souteze/2024-09-29-posazavsky-pohar-65-rocnik
05.10.2024;05.10.2024;Husitskù št’t 65. roèn’k + Jihoèeskù KP;Borek;2. kategorie;Muìi, eny, Dorostenci st., Dorostenky st.;SP 30+30, SM 3x20, SM 60 ISSF, LM 3x20, LM 60 ISSF;;;42;02.10.2024;https://shooting.cz/cs/souteze/2024-10-05-husitsky-stit-65-rocnik-jihocesky-kp-1
05.10.2024;05.10.2024;Memoriál Vlastimila Hejla;Praha 9 Hloubìt’n;2. kategorie;Muìi, eny;SP 30+30;;;121;03.10.2024;https://shooting.cz/cs/souteze/2024-10-05-memorial-vlastimila-hejla
06.10.2024;06.10.2024;Pohár SSK Velké Meziø’è’;Velké Meziø’è’;2. kategorie;Muìi, eny, Junioøi, Juniorky, Dorostenci st., dorostenci ml.;SM 60, LM 60;;;324;;https://shooting.cz/cs/souteze/2024-10-06-pohar-ssk-velke-mezirici
12.10.2024;12.10.2024;Budìjická diabolka;Borek;2. kategorie;Muìi, eny, Junioøi, Juniorky, Dorostenci st., áci 13 a 14 let, áci do 12 let;VzPu 60 ISSF, VzPu 40 ISSF, VzPu 30 ISSF vlee;;;301;09.10.2024;https://shooting.cz/cs/souteze/2024-10-12-budejicka-diabolka-1
12.10.2024;12.10.2024;Pohár Sopky;Nová paka;2. kategorie;Muìi, eny;LM 60;;;192;12.10.2024;https://shooting.cz/cs/souteze/2024-10-12-pohar-sopky-1
12.10.2024;12.10.2024;Praskù støeleckù festival;Praha 9 Hloubìt’n;2. kategorie;Muìi, eny;VP 15+15;;;121;10.10.2024;https://shooting.cz/cs/souteze/2024-10-12-prazsky-strelecky-festival-1
19.10.2024;19.10.2024;Podzimn’ soutì z pøedovek 2024;Ostromìø;2. kategorie;Muìi;PePiC, PeRe, KøPiC, DPi, PePiV, PePuC, PePuV, KøPuC, Werndl;;;214;11.10.2024;https://shooting.cz/cs/souteze/2024-10-19-podzimni-soutez-z-predovek-2024-1
19.10.2024;19.10.2024;VC Borku - 26.roèn’k;Borek;2. kategorie;Muìi, eny, Junioøi, Juniorky, Dorostenci st., Dorostenky st.;VzPi 60, VzPi 40, VzPu 60 ISSF, VzPu 40 ISSF;;;42;16.10.2024;https://shooting.cz/cs/souteze/2024-10-19-vc-borku-26-rocnik-1
19.10.2024;20.10.2024;Tvrïák 2024;Plzeò;2. kategorie;Muìi;VzPi 60, VzPu 60 ISSF;;;69;19.10.2024;https://shooting.cz/cs/souteze/2024-10-19-tvrdak-2024
26.10.2024;26.10.2024;Podzimn’ sportka;Praha 9 Hloubìt’n;3. kategorie;Muìi, eny;SP 30 m’øená;;;121;24.10.2024;https://shooting.cz/cs/souteze/2024-10-26-podzimni-sportka-1
02.11.2024;02.11.2024;Podzimn’ soutì;Nová paka;3. kategorie;Muìi;SP 30+30;;;192;02.11.2024;https://shooting.cz/cs/souteze/2024-11-02-podzimni-soutez-2
02.11.2024;02.11.2024;VC Stromovky - 26.roèn’k;Borek;2. kategorie;Muìi, eny, Dorostenci st.;VzPi 60, VzPi 40, VzPu 60 ISSF, VzPu 40 ISSF;;;301;30.10.2024;https://shooting.cz/cs/souteze/2024-11-02-vc-stromovky-26-rocnik-1
02.11.2024;02.11.2024;Vrchlabsko-Trutnovská vzduchovková liga 2024-2025 1.kolo;Trutnov;2. kategorie, Pi;Muìi, eny, Dorostenci st., Dorostenky st., Veteráni;VzPi 60, VzPi 40;;;95;02.11.2024;https://shooting.cz/cs/souteze/2024-11-02-vrchlabsko-trutnovska-vzduchovkova-liga-2024-2025-1-kolo-1
23.11.2024;24.11.2024;Grand Prix Rapid Plzeò;Plzeò;1. kategorie, Sledovanù;Muìi, eny, Dorostenci st.;VzPi 60, VzPi 40, VzPu 60 ISSF, VzPu 40;;;232;14.11.2024;https://shooting.cz/cs/souteze/2024-11-23-grand-prix-rapid-plzen
30.11.2024;30.11.2024;Vrchlabsko-Trutnovská vzduchovková liga 2024-2025 - 2.kolo;Trutnov;2. kategorie, Pi;Muìi, eny, Dorostenci st., Dorostenky st., Veteráni;VzPi 60, VzPi 40;;;95;30.11.2024;https://shooting.cz/cs/souteze/2024-11-30-vrchlabsko-trutnovska-vzduchovkova-liga-2024-2025-2-kolo-1
07.12.2024;07.12.2024;Vánoèn’ stø’len’ - 16.roèn’k;Borek;2. kategorie;Muìi, eny, Junioøi, Juniorky, Dorostenci st., áci 13 a 14 let, áci do 12 let;VzPu 60 ISSF, VzPu 40 ISSF, VzPu 30 ISSF vlee;;;301;04.12.2024;https://shooting.cz/cs/souteze/2024-12-07-vanocni-strileni-16-rocnik
04.01.2025;04.01.2025;Vrchlabsko-Trutnovská vzduchovková liga 2024-2025 - 3.kolo;Trutnov;2. kategorie, Pi;Muìi, eny, Dorostenci st., Dorostenky st., Veteráni;VzPi 60, VzPi 40;;;95;02.11.2024;https://shooting.cz/cs/souteze/2025-01-04-vrchlabsko-trutnovska-vzduchovkova-liga-2024-2025-3-kolo-1
01.02.2025;01.02.2025;Vrchlabsko-Trutnovská vzduchovková liga 2024-2025 - 4.kolo;Trutnov;2. kategorie, Pi;Muìi, eny, Dorostenci st., Dorostenky st., Veteráni;VzPi 60, VzPi 40;;;95;01.02.2025;https://shooting.cz/cs/souteze/2025-02-01-vrchlabsko-trutnovska-vzduchovkova-liga-2024-2025-4-kolo-1
01.02.2025;02.02.2025;Testovac’ závod;Hradec Králové;Test, 3. kategorie;Muìi, eny, Junioøi;VzPi 60, SP 30+30, VP 30+30;;;62;;https://shooting.cz/cs/souteze/2025-02-01-testovaci-zavod
01.03.2025;01.03.2025;Vrchlabsko-Trutnovská vzduchovková liga 2024-2025 - finále;Trutnov;2. kategorie, Pi;Muìi, eny, Dorostenci st., Dorostenky st., Veteráni;VzPi 60, VzPi 40;;;95;01.03.2025;https://shooting.cz/cs/souteze/2025-03-01-vrchlabsko-trutnovska-vzduchovkova-liga-2024-2025-finale-1