DATUM OD;DATUM DO;NAZEV;MESTO;TYP;KATEGORIE;DISCIPLINY;PORADATEL;KLUB;KLUB CISLO;REGISTRACE DO;URL
02.03.2024;02.03.2024;Jihoãeská vzduchovka +Jihoãesk˘ KP;Borek;2. kategorie;MuÏi, Ïeny, Dorostenci st.;VzPi 60, VzPi 40, VzPu 60 ISSF, VzPu 40 ISSF;;;301;28.02.2024;https://shooting.cz/cs/souteze/2024-03-02-jihoceska-vzduchovka-jihocesky-kp-1
02.03.2024;02.03.2024;Karlovarská liga VzPu 4.kolo + vyhodnocení;Karlovy Vary - Bﬁezová;2. kategorie;MuÏi, Ïeny, Junioﬁi, Juniorky, Dorostenci st., Dorostenky st., dorostenci ml., dorostenky ml., éáci 13 a 14 let, éákynÏ 13 a 14 let, éáci do 12 let, éákynÏ do 12 let, Senioﬁi;VzPu 60 ISSF, VzPu 40 ISSF, VzPu 30 ISSF vleûe, VzPu 30 ISSF vleûe s oporou;;;258;;https://shooting.cz/cs/souteze/2024-03-02-karlovarska-liga-vzpu-4-kolo-vyhodnoceni-1
02.03.2024;02.03.2024;VC SSK Dukla PlzeÀ Zru‰eno;PlzeÀ;2. kategorie, ZRUäENO;Dorostenci st., éáci 13 a 14 let, éáci do 12 let;VzPu 40 ISSF, VzPu 30 ISSF vleûe;;;370;29.02.2024;https://shooting.cz/cs/souteze/2024-03-02-vc-ssk-dukla-plzen-zruseno
02.03.2024;02.03.2024;Zmrzl˘ stﬁelec;Nová paka;3. kategorie;MuÏi;SP 30+30;SSK Nová Paka ;;192;02.03.2024;https://shooting.cz/cs/souteze/2024-03-02-zmrzly-strelec-1
02.03.2024;02.03.2024;Chomutovská vzduchovková extraliga 2023 - 2024 8.kolo;Chomutov;;MuÏi, MuÏi, Ïeny, Junioﬁi, Dorostenci st., éáci 13 a 14 let, Veteráni;VzPi 60, VzPi 40, VzPu 60 ISSF, VzPu 40 ISSF, VzPu 30 ISSF vleûe;SSK Chomutov;;;15.10.2023;https://shooting.cz/cs/souteze/2023-10-15-chomutovska-vzduchovkova-extraliga-2023-2024-1-kolo-2023-6
02.03.2024;02.03.2024;Pohár SSK Slatina Brno 2023 - 2024 5.kolo + finále;Brno - Zábrdovice;2. kategorie;SH1, MuÏi, Ïeny, Dorostenci st., éáci 13 a 14 let, éáci do 12 let;VzPi 60, VzPi 40, VzPu 60 ISSF, VzPu 40 ISSF, VzPu 30 ISSF vleûe;SSK Slatina Brno ã.0162;;;02.03.2024;https://shooting.cz/cs/souteze/2023-11-14-pohar-ssk-slatina-brno-2023-2024-1-kolo_clone_638909
03.03.2024;03.03.2024;âeskolipská liga 2023/2024 4.kolo;âeská Lípa;2. kategorie;MuÏi, Ïeny, Juniorky, Dorostenci st., éáci 13 a 14 let, éáci do 12 let;VzPi 60, VzPi 40, VzPu 60 ISSF, VzPu 40 ISSF, VzPu 30 ISSF vleûe, VzPu 30 ISSF vleûe s oporou;SSK Manu‰ice;;;25.02.2024;https://shooting.cz/cs/souteze/2023-12-02-ceskolipska-liga-2023-2024-4-kolo-1
03.03.2024;03.03.2024;Extraliga druÏstev 10. roãník 3.kolo ZRUäENO;PlzeÀ;2. kategorie, ZRUäENO;MuÏi;VzPi 40;SSKP Rapid PlzeÀ 0232;;;03.03.2024;https://shooting.cz/cs/souteze/2024-01-28-extraliga-druzstev-10-rocnik-3-kolo
03.03.2024;03.03.2024;Krajská stﬁelecká liga mládeûe Zlínského kraje 2.kolo;Bﬁezolupy;2. kategorie, Kraj;éáci 13 a 14 let, éákynÏ 13 a 14 let, éáci do 12 let, éákynÏ do 12 let;VzPu 30 ISSF vleûe;;;386;28.02.2024;https://shooting.cz/cs/souteze/2024-03-03-krajska-strelecka-liga-mladeze-zlinskeho-kraje-2-kolo-2
03.03.2024;03.03.2024;Putovní pohár SSK 0201 Chrast u Chrudimi 5.kolo;Chrast u Chrudimi;2. kategorie;SH1, MuÏi, Ïeny, Veteráni;VzPi 60, VzPi 40, VzPu 60 ISSF, VzPu 40 ISSF;SSK  0201 Chrast u Chrudimi;;;03.03.2024;https://shooting.cz/cs/souteze/2023-11-05-putovni-pohar-ssk-0201-chrast-u-chrudimi-1-kolo-4
03.03.2024;03.03.2024;Vrchlabsko - Trutnovská vzduchovková liga 2023 finále;Trutnov;2. kategorie;MuÏi, Ïeny, Dorostenci st., Veteráni;VzPi 60, VzPi 40;SSK  äkoda  Vrchlabí  ã. 0095;;;03.03.2024;https://shooting.cz/cs/souteze/2023-11-05-vrchlabsko-trutnovska-vzduchovkova-liga-2023-1-kolo-clone-508805-clone-983003-clone-600352-clone-106493
03.03.2024;03.03.2024;Zlatá diabolka + 54. roãník memoriálu Rudolfa Jocha a Eduarda Briskorina;Bﬁezolupy;2. kategorie;MuÏi, Ïeny, Dorostenci st., éáci 13 a 14 let, éáci do 12 let;VzPu 60 ISSF, VzPu 40 ISSF, VzPu 30 ISSF vleûe;;;386;28.02.2024;https://shooting.cz/cs/souteze/2024-03-03-zlata-diabolka-54-rocnik-memorialu-rudolfa-jocha-a-eduarda-briskorina
03.03.2024;03.03.2024;Karlovarská liga ñ vzduchová pistole 2023/2024 11.kolo;Bﬁezová;2. kategorie;Veteráni 65+ let, MuÏi, Ïeny, Dorostenci st., éáci 13 a 14 let, Senioﬁi;VzPi 60, VzPi 40, VzPi 60 s oporou, VzPi 40 s oporou;Karlovarské krajské sdruÏení âSS;;;03.03.2024;https://shooting.cz/cs/souteze/2023-10-15-karlovarska-liga-vzduchova-pistole-2023-2024-1-kolo_clone_355894_clone_825015
09.03.2024;09.03.2024;Klatovsk˘ pohár 2023-2024 5.kolo;Dolany u Klatov;2. kategorie;éáci 13 a 14 let, éáci do 12 let;VzPu 30 ISSF vleûe, VzPu 30 ISSF vleûe s oporou;SSK  0173 Klatovy  ;;;09.03.2024;https://shooting.cz/cs/souteze/2023-11-11-pohar-mladeze-ssk-klatovy-2023-2024-1-kolo-4
09.03.2024;10.03.2024;Mistrovství âR 2024 - Vzduchové zbranÏ;PlzeÀ;1. kategorie, Ïebﬁíãek, Sledovan˘;SH1, MuÏi, Ïeny, Junioﬁi, Juniorky, Dorostenci st., Dorostenky st., dorostenci ml., dorostenky ml., Senioﬁi, éáci;VzPi 60, VzPi 40, VzPu 60 ISSF, VzPu 40 ISSF;âesk˘ stﬁeleck˘ svaz;;;26.02.2024;https://shooting.cz/cs/souteze/2024-03-08-m-cr-2024-plzen-vzduchove-zbrane
09.03.2024;09.03.2024;O putovní pohár SSK Roãov 20. roãník 4.kolo;Roãov;2. kategorie;MuÏi, Ïeny, Junioﬁi, Juniorky, Dorostenci st., éáci 13 a 14 let, éáci do 12 let;VzPu 60 ISSF, VzPu 40 ISSF, VzPu 30 ISSF vleûe;SSK â- 0899 Roãov;;;07.03.2024;https://shooting.cz/cs/souteze/2024-02-10-klon-o-putovni-pohar-ssk-rocov-20-rocnik-3-kolo
09.03.2024;09.03.2024;Slovanská elektronická pu‰ková liga 2023-2024 - Finále;PlzeÀ;2. kategorie;MuÏi, Ïeny, Junioﬁi, Juniorky, Dorostenci st.;VzPu 60 ISSF, VzPu 40 ISSF;SSK PlzeÀ ñ Slovany C-0015;;;09.03.2024;https://shooting.cz/cs/souteze/2024-03-09-slovanska-elektronicka-puskova-liga-2023-2024-finale
10.03.2024;10.03.2024;Jarní cena;Svitavy;2. kategorie;dorostenci ml., éáci 13 a 14 let, éáci do 12 let;VzPu 40 ISSF, VzPu 30 ISSF vleûe;SVâ Svitavy;;119;10.03.2024;https://shooting.cz/cs/souteze/2024-03-10-jarni-cena
10.03.2024;10.03.2024;Slovanská elektronická pistolová liga 2023-2024 - Finále;PlzeÀ;2. kategorie;MuÏi, Ïeny, Junioﬁi, Juniorky, Dorostenci st.;VzPi 60, VzPi 40;SSK PlzeÀ ñ Slovany C-0015;;;10.03.2024;https://shooting.cz/cs/souteze/2024-02-25-slovanska-elektronicka-pistolova-liga-2023-2024-finale
16.03.2024;16.03.2024;"Jarní cena - ""VyhánÏní pavouk˘""";Nová Paka;2. kategorie;MuÏi, Ïeny, Dorostenci st., Dorostenky st.;SM 30, LM 30;;;192;16.03.2024;https://shooting.cz/cs/souteze/2024-03-16-jarni-cena-vyhaneni-pavouku-1
16.03.2024;16.03.2024;Jarní perkus - Historické zbranÏ;Semily;2. kategorie;;PeRe, PeRe50m, KﬁPiC, PePiV, PePuV, KﬁPuV, Werndl;Michal Saska;;731;16.03.2024;https://shooting.cz/cs/souteze/2024-03-16-jarni-perkus-historicke-zbrane-1
16.03.2024;16.03.2024;Krajská stﬁelecká liga mládeûe Zlínského kraje 3.kolo;Uhersk˘ Ostroh;2. kategorie, Kraj;éáci 13 a 14 let, éákynÏ 13 a 14 let, éáci do 12 let, éákynÏ do 12 let;VzPu 30 ISSF vleûe, VzPu 30 ISSF vleûe s oporou;;;210;16.03.2024;https://shooting.cz/cs/souteze/2024-03-16-krajska-strelecka-liga-mladeze-zlinskeho-kraje-3-kolo
16.03.2024;16.03.2024;Velikonoãní stﬁílení 15.roãník;Borek;2. kategorie;MuÏi, Ïeny, Junioﬁi, Juniorky, Dorostenci st., éáci 13 a 14 let, éáci do 12 let;VzPu 60 ISSF, VzPu 40 ISSF, VzPu 30 ISSF vleûe;;;301;16.03.2024;https://shooting.cz/cs/souteze/2024-03-16-velikonocni-strileni-15-rocnik-1
16.03.2024;17.03.2024;Sezemick˘ MAMLAS 2024 - Vzduchová pu‰ka a pistole 100 ran;Sezemice;3. kategorie;MuÏi, Ïeny;;;;253;16.03.2024;https://shooting.cz/cs/souteze/2024-03-16-sezemicky-mamlas-2024-vzduchova-puska-a-pistole-100-ran-1
16.03.2024;16.03.2024;Chomutovská vzduchovková extraliga 2023 - 2024 finále;Chomutov;;MuÏi, MuÏi, Ïeny, Junioﬁi, Dorostenci st., éáci 13 a 14 let, Veteráni;VzPi 60, VzPi 40, VzPu 60 ISSF, VzPu 40 ISSF, VzPu 30 ISSF vleûe;SSK Chomutov;;;15.10.2023;https://shooting.cz/cs/souteze/2023-10-15-chomutovska-vzduchovkova-extraliga-2023-2024-1-kolo-2023-7
16.03.2024;16.03.2024;Pohár Srdce Symfonie;Pátek u PodÏbrad;2. kategorie;;VzPu 30 ISSF vleûe;;;;16.03.2024;https://shooting.cz/cs/souteze/2024-03-16-pohar-srdce-symfonie
17.03.2024;17.03.2024;Jiﬁíkovská liga 2023/2024 4.kolo;Jiﬁíkov;2. kategorie;éáci do 10 let, MuÏi, Ïeny, Dorostenci st., éáci 13 a 14 let, éákynÏ 13 a 14 let, éáci do 12 let, éákynÏ do 12 let;VzPi 60, VzPi 40, VzPu 60 ISSF, VzPu 40 ISSF, VzPu 30 ISSF vleûe, VzPu 30 ISSF vleûe s oporou;SSK Jiﬁíkov;;;17.03.2024;https://shooting.cz/cs/souteze/2023-11-11-jirikovska-liga-2023-2024-1-kolo-2
17.03.2024;17.03.2024;Karlovarská liga ñ vzduchová pistole 2023/2024 12.kolo;Bﬁezová;2. kategorie;Veteráni 65+ let, MuÏi, Ïeny, Dorostenci st., éáci 13 a 14 let, Senioﬁi;VzPi 60, VzPi 40, VzPi 60 s oporou, VzPi 40 s oporou;Karlovarské krajské sdruÏení âSS;;;17.03.2024;https://shooting.cz/cs/souteze/2023-10-15-karlovarska-liga-vzduchova-pistole-2023-2024-1-kolo_clone_355894_clone_236980
17.03.2024;17.03.2024;Vzduchová sportka 2023/24 4.kolo;Chomutov;2. kategorie;MuÏi, Ïeny, Dorostenci st., Dorostenky st.;SpVzPi 30+30;SSK Chomutov I. , II. a IV.kolo, SSK Louny III. kolo;;;19.11.2023;https://shooting.cz/cs/souteze/2023-11-19-vzduchova-sportka-2023-24-1-kolo-2023-2
23.03.2024;23.03.2024;Jarní soutÏû z pﬁedovek 2024;OstromÏﬁ;2. kategorie;MuÏi;PePiC, PeRe, KﬁPiC, DPi, PePiV, PePuC, PePuV, KﬁPuC, Werndl;;;214;15.03.2024;https://shooting.cz/cs/souteze/2024-03-23-jarni-soutez-z-predovek-2024-1
23.03.2024;23.03.2024;Mistrovství âR 2024 vzduchová pu‰ka 30 ran vleûe;PlzeÀ;1. kategorie;éáci 13 a 14 let, éákynÏ 13 a 14 let, éáci do 12 let, éákynÏ do 12 let;VzPu 30 ISSF vleûe;âesk˘ stﬁeleck˘ svaz;;370;11.03.2024;https://shooting.cz/cs/souteze/2024-03-23-m-cr-2024-plzen-vzduchova-puska-30-ran-vleze
23.03.2024;24.03.2024;Mistrovství âR ze vzduchov˘ch vícerann˘ch zbraní 2024;Karviná;1. kategorie, Ïebﬁíãek;MuÏi, Ïeny, Junioﬁi, Juniorky, Dorostenci st., Dorostenky st.;SpVzPi 30+30, StVzPi 3x20, RVzPi 2x30;âesk˘ stﬁeleck˘ svaz;;373;12.03.2024;https://shooting.cz/cs/souteze/2024-03-23-mistrovstvi-cr-ze-vzduchovych-vicerannych-zbrani-2024
24.03.2024;24.03.2024;Cena SVâ Svitavy 32. roãník;;2. kategorie;;VzPi 60, VzPi 40;SVâ Svitavy;;119;24.03.2024;https://shooting.cz/cs/souteze/2024-03-24-cena-svc-svitavi-32-rocnik
30.03.2024;30.03.2024;Jarní cena 19. roãník;Uhersk˘ Ostroh;2. kategorie;MuÏi;PePiC, PeRe, PeRe50m, KﬁPiC, DPi, PePuC, PePuV, KﬁPuC, DPu, PePuC100m, PePuV100m;;;210;30.03.2024;https://shooting.cz/cs/souteze/2024-03-30-jarni-cena-19-rocnik
30.03.2024;30.03.2024;Pohár mÏsta âernovic;âernovice;2. kategorie;éáci 13 a 14 let, éáci do 12 let;VzPu 30 ISSF vleûe;;;202;30.03.2024;https://shooting.cz/cs/souteze/2024-03-30-pohar-mesta-cernovic
31.03.2024;31.03.2024;Velikonoãní pistole;Nová paka;3. kategorie;MuÏi;VP 30+30;;;192;01.04.2024;https://shooting.cz/cs/souteze/2024-03-31-velikonocni-pistole
06.04.2024;06.04.2024;Dubnová otoãka;ChotÏboﬁ;2. kategorie;MuÏi, Ïeny, Junioﬁi, Juniorky, Dorostenci st., dorostenci ml.;SP 30+30, VP 30+30;;;120;;https://shooting.cz/cs/souteze/2024-04-06-dubnova-otocka-1
06.04.2024;06.04.2024;MedvÏdí vstávání 2. roãník;PodÏbrady;3. kategorie;;;;;32;;https://shooting.cz/cs/souteze/2024-04-06
06.04.2024;06.04.2024;Memoriál stﬁelc˘ 2024;âepirohy;2. kategorie;MuÏi;PePiC, PeRe, KﬁPiC, PePiV, PePuC, PePuV, KﬁPuC, KﬁPuV;;;311;06.04.2024;https://shooting.cz/cs/souteze/2024-04-06-memorial-strelcu-2024
06.04.2024;06.04.2024;Memoriál Vladimíra Vávry;Semily;2. kategorie;;SP 30+30;Daniel Medek;;731;06.04.2024;https://shooting.cz/cs/souteze/2024-04-06-memorial-vladimira-vavry-1
06.04.2024;06.04.2024;PobÏûovická diabolka - 2.roãník;PobÏûovice;2. kategorie;éáci 13 a 14 let, éákynÏ 13 a 14 let, éáci do 12 let, éákynÏ do 12 let;VzPu 30 ISSF vleûe, VzPu 30 ISSF vleûe s oporou;;;230;02.04.2024;https://shooting.cz/cs/souteze/2024-04-06-pobezovicka-diabolka-2-rocnik-1
07.04.2024;07.04.2024;Jarní cena Opavy;Opava;2. kategorie;MuÏi, Ïeny, Junioﬁi, Juniorky, Dorostenci st., Dorostenky st.;SM 3x20, SM 60, LM 3x20, LM 60 ISSF;;;4;04.04.2024;https://shooting.cz/cs/souteze/2024-04-07-jarni-cena-opavy-1
11.04.2024;22.04.2024;ISSF Final Olympic Qualification Championship Rifle & Pistol;Rio De Janeiro;repre-t˘my, Sledovan˘, SvÏt;MuÏi, Ïeny;VzPi 60, SP 30 míﬁená, RP 2x30, VzPu 60 ISSF, SM 3x20, LM 3x20;;;;;https://shooting.cz/cs/souteze/2024-04-11-issf-final-olympic-qualification-champions-rio-de-janeiro-clone-798006
13.04.2024;13.04.2024;Karlovarská liga LP60 1.kolo - Pohár hejtmana Karlovarského kraje;Lomnice u Sokolova;2. kategorie;MuÏi, Junioﬁi, Senioﬁi;LP 60;;;258;;https://shooting.cz/cs/souteze/2024-04-13-karlovarska-liga-lp60-1-kolo-pohar-hejtmana-karlovarskeho-kraje
14.04.2024;14.04.2024;Jarní cena SSK Pomezí - 32.roãník;Svitavy;2. kategorie;MuÏi, Ïeny;VzPi 60, VzPi 40;SVâ Svitavy;;119;06.04.2024;https://shooting.cz/cs/souteze/2024-04-14-jarni-cena-ssk-pomezi-32-rocnik-1
14.04.2024;14.04.2024;Krajská stﬁelecká liga mládeûe Zlínského kraje Finále;Nivnice;2. kategorie, Kraj;éáci 13 a 14 let, éákynÏ 13 a 14 let, éáci do 12 let, éákynÏ do 12 let;VzPu 30 ISSF vleûe, VzPu 30 ISSF vleûe s oporou;;;551;14.04.2024;https://shooting.cz/cs/souteze/2024-04-14-krajska-strelecka-liga-mladeze-zlinskeho-kraje-finale
14.04.2024;14.04.2024;Pohár starosty Lomnice LM,SM 60;Lomnice u Sokolova;2. kategorie;MuÏi, Ïeny, Junioﬁi, Juniorky, Dorostenci st., Dorostenky st., Senioﬁi;SM 60, LM 60;;;258;14.04.2024;https://shooting.cz/cs/souteze/2024-04-14-pohar-starosty-lomnice-lm-sm-60-1
14.04.2024;14.04.2024;Pohár starosty Lomnice LM,SM 60;Sokolov;2. kategorie;MuÏi, Ïeny, Junioﬁi, Dorostenci st., Senioﬁi;SM 60, LM 60;;;258;14.04.2024;https://shooting.cz/cs/souteze/2024-04-14-pohar-starosty-lomnice-lm-sm-60-2
17.04.2024;17.04.2024;Fiala CUP 6.kolo;PlzeÀ;2. kategorie;MuÏi, Ïeny, Dorostenci st., éáci 13 a 14 let;VzPi 40, VzPi 40 s oporou;SSK Dukla PlzeÀ - ã. 0370 (1. - 3. kolo) ,SSK Policie Rapid PlzeÀ - ã. 0232 (4. ñ 6. kolo);;;19.03.2024;https://shooting.cz/cs/souteze/2023-10-11-fiala-cup-1-kolo-clone-464252
19.04.2024;21.04.2024;Kontrolní sledovan˘ závod 2024 1.kolo;PlzeÀ;1. kategorie, Ïebﬁíãek, Sledovan˘, Stát;MuÏi, Ïeny;LP 60, StP 3x20, VP 30+30, SM 60 ISSF, LM 60 ISSF;;;;;https://shooting.cz/cs/souteze/2024-04-19-kontrolni-sledovany-zavod-2024-1-kolo
19.04.2024;21.04.2024;Kontrolní závod reprezentace 2024 1.kolo;PlzeÀ;1. kategorie, Ïebﬁíãek, Sledovan˘, Stát;MuÏi, Ïeny;VzPi 60, SP 30+30, RP 2x30, VzPu 60 ISSF, SM 3x20, LM 3x20;;;;;https://shooting.cz/cs/souteze/2024-04-19-kontrolni-zavod-reprezentace-2024-1-kolo
19.04.2024;21.04.2024;Oblastní stﬁelecká liga kule Karviná 2024 - 1. kolo;Karviná - Nové MÏsto;2. kategorie;MuÏi, Ïeny, Junioﬁi, Juniorky, Dorostenci st., Dorostenky st., dorostenci ml., dorostenky ml.;SP 30+30, LP 60, StP 3x20, RP 2x30, VP 15+15;;;373;19.04.2024;https://shooting.cz/cs/souteze/2024-04-19-oblastni-strelecka-liga-kule-karvina-2024-1-kolo-1
20.04.2024;20.04.2024;Aprílová sportka;Praha 9 HloubÏtín;3. kategorie;MuÏi, Ïeny;SP 30 míﬁená;;;121;18.04.2024;https://shooting.cz/cs/souteze/2024-04-20-aprilova-sportka
20.04.2024;20.04.2024;Karlovarská liga SP 30+30 1.kolo - Sokolovská sportka;Lomnice u Sokolova;2. kategorie;MuÏi, Ïeny, Junioﬁi, Juniorky, Dorostenci st., Dorostenky st., Senioﬁi;SP 30+30;;;258;20.04.2024;https://shooting.cz/cs/souteze/2024-04-20-karlovarska-liga-sp-30-30-1-kolo-sokolovska-sportka-1
22.04.2024;01.05.2024;ISSF Final Olympic Qualification Championship Shotgun;Doha;repre-t˘my, Sledovan˘, SvÏt;MuÏi, Ïeny;Skeet, Trap;;;;;https://shooting.cz/cs/souteze/2024-04-22-issf-final-olympic-qualification-champions-doha
27.04.2024;27.04.2024;Jarní cena SSK ⁄jezd Sv.Kﬁíûe;⁄jezd Sv.Kﬁíûe;2. kategorie;MuÏi, Ïeny, Dorostenci st., Senioﬁi;SM 60, LM 60;;;230;25.04.2024;https://shooting.cz/cs/souteze/2024-04-27-jarni-cena-ssk-ujezd-sv-krize-1
27.04.2024;27.04.2024;Karlovarská liga SP 30+30 2.kolo / StP 3x20 1.kolo - Lomnická sportka;Lomnice u Sokolova;2. kategorie;MuÏi, Ïeny, Junioﬁi, Juniorky, Dorostenci st., Dorostenky st., Senioﬁi;SP 30+30, StP 3x20;;;258;27.04.2024;https://shooting.cz/cs/souteze/2024-04-27-karlovarska-liga-sp-30-30-2-kolo-stp-3x20-1-kolo-lomnicka-sportka
27.04.2024;27.04.2024;Velká cena ChotÏboﬁe;ChotÏboﬁ;2. kategorie;MuÏi, Ïeny, Junioﬁi, Juniorky;LP 60;;;120;;https://shooting.cz/cs/souteze/2024-04-27-velka-cena-chotebore-1
27.04.2024;28.04.2024;âesk˘ pohár mládeûe 2024 1.kolo Manu‰ice;Manu‰ice;1. kategorie, Ïebﬁíãek, Sledovan˘, Stát;Dorostenci st., Dorostenky st.;VzPi 40, SP 30+30, VzPu 40 ISSF, SM 3x20, SM 60;âesk˘ stﬁeleck˘ svaz;;200;15.04.2024;https://shooting.cz/cs/souteze/2024-04-27-cesky-pohar-mladeze-2024-1-kolo-manusice
27.04.2024;28.04.2024;âesk˘ pohár mládeûe 2024 1.kolo Ostrava;Ostrava - Poruba;1. kategorie, Ïebﬁíãek, Sledovan˘, Stát;Dorostenci st., Dorostenky st.;VzPi 40, SP 30+30, VzPu 40 ISSF, SM 3x20, SM 60;âesk˘ stﬁeleck˘ svaz;;368;15.04.2024;https://shooting.cz/cs/souteze/2024-04-27-klon-cesky-pohar-mladeze-2024-1-kolo-ostrava
28.04.2024;28.04.2024;VC O⁄ ProsimÏﬁice;ProsimÏﬁice;2. kategorie;MuÏi, Ïeny, Junioﬁi, Juniorky, Dorostenci st., dorostenci ml.;SM 3x20, SM 60, LM 3x20, LM 60;;;125;28.04.2024;https://shooting.cz/cs/souteze/2024-04-28-vc-ou-prosimerice
01.05.2024;01.05.2024;Prvomájová pistole;Nová paka;3. kategorie;MuÏi, Ïeny;VP 30 míﬁená;;;192;01.05.2024;https://shooting.cz/cs/souteze/2024-05-01-prvomajova-pistole
01.05.2024;05.05.2024;52nd Grand Prix of  Liberation 2024 PlzeÀ;PlzeÀ;1. kategorie, Ïebﬁíãek, Sledovan˘, SvÏt;MuÏi, Ïeny;VzPi 60, SP 30+30, LP 60, StP 3x20, RP 2x30, VP 30+30, VzPu 60 ISSF, SM 3x20, SM 60 ISSF, LM 3x20, LM 60 ISSF;SdruÏení stﬁeleck˘ch klub˘ mÏsta PlznÏ;;;24.04.2024;https://shooting.cz/cs/souteze/2024-05-01-52nd-grand-prix-of-liberation-2024-plzen
01.05.2024;12.05.2024;ISSF World Cup Baku;Baku;repre-t˘my, Sledovan˘, SvÏt;MuÏi, Ïeny;VzPi 60, SP 30 míﬁená, RP 2x30, VzPu 60 ISSF, SM 3x20, LM 3x20, Skeet, Trap;;;;;https://shooting.cz/cs/souteze/2024-01-24-issf-world-cup-cairo-egypt-clone-400592
03.05.2024;05.05.2024;Oblastní stﬁelecká liga kule Karviná 2024 - 2. kolo + âPM 2024 - 1. kolo (RP 2x30);Karviná - Nové MÏsto;2. kategorie;MuÏi, Ïeny, Junioﬁi, Juniorky, Dorostenci st., Dorostenky st., dorostenci ml., dorostenky ml.;SP 30+30, LP 60, StP 3x20, RP 2x30, VP 15+15;;;373;;https://shooting.cz/cs/souteze/2024-05-03-oblastni-strelecka-liga-kule-karvina-2024-2-kolo-cpm-2024-1-kolo-rp-2x30-1
04.05.2024;04.05.2024;Karlovarská liga LP60 2.kolo;Lomnice u Sokolova;2. kategorie;MuÏi, Junioﬁi, Senioﬁi;LP 60;;;258;04.05.2024;https://shooting.cz/cs/souteze/2024-05-04-karlovarska-liga-lp60-2-kolo-1
04.05.2024;04.05.2024;Memoriál K. Trnky;Praha 9 HloubÏtín;3. kategorie;MuÏi, Ïeny;SP 30 míﬁená;;;121;02.05.2024;https://shooting.cz/cs/souteze/2025-04-19-memorial-trnky-1
04.05.2024;04.05.2024;Pohár osvobození mÏsta Hluãína;Hluãín;2. kategorie;MuÏi, Ïeny, Junioﬁi, Juniorky, Dorostenci st., Dorostenky st., dorostenci ml., dorostenky ml., Veteráni;SM 3x20, SM 60;;;34;02.05.2024;https://shooting.cz/cs/souteze/2024-05-04-pohar-osvobozeni-mesta-hlucina
04.05.2024;04.05.2024;Posázavské pﬁedovky;Krhanice;2. kategorie;;PePiC, PeRe, KﬁPiC, DPi, PePiV;;;117;;https://shooting.cz/cs/souteze/2024-05-04-posazavske-predovky-1
04.05.2024;04.05.2024;ätít mÏsta Tﬁe‰tÏ;Tﬁe‰ù;2. kategorie;MuÏi, Ïeny, Junioﬁi, Juniorky, Dorostenci st., dorostenci ml.;SM 3x20, SM 60 ISSF, LM 3x20, LM 60 ISSF;;;39;04.05.2024;https://shooting.cz/cs/souteze/2024-05-04-stit-mesta-treste-1
04.05.2024;04.05.2024;VC dvor˘;Dvory;2. kategorie;;SM 60, LM 60;;;37;;https://shooting.cz/cs/souteze/2024-05-04-vc-dvoru
05.05.2024;05.05.2024;Pohár Ostroje Opava;Opava;2. kategorie;MuÏi, Ïeny, Junioﬁi, Juniorky, Dorostenci st., Dorostenky st.;SM 3x20, SM 60;;;4;02.05.2024;https://shooting.cz/cs/souteze/2024-05-05-pohar-ostroje-opava
05.05.2024;05.05.2024;Stﬁelecká liga Horní Cerekev 2024 - 1.kolo;Horní Cerekev;2. kategorie;MuÏi, Ïeny, Junioﬁi, Juniorky, Dorostenci st., dorostenci ml.;SM 3x20, SM 60 ISSF, LM 3x20, LM 60 ISSF;;;252;05.05.2024;https://shooting.cz/cs/souteze/2024-05-05-strelecka-liga-horni-cerekev-2024-1-kolo-1
08.05.2024;08.05.2024;Jarní cena;ChotÏboﬁ;2. kategorie;MuÏi, Ïeny, Junioﬁi, Juniorky, Dorostenci st., dorostenci ml.;SM 3x20, SM 60, LM 3x20, LM 60;;;120;;https://shooting.cz/cs/souteze/2024-05-08-jarni-cena-1
11.05.2024;11.05.2024;Boreck˘ pohár 2024 - 1.kolo;Borek;2. kategorie;MuÏi;SP 30+30;;;42;11.05.2024;https://shooting.cz/cs/souteze/2024-05-11-borecky-pohar-2024-1-kolo-1
11.05.2024;11.05.2024;Jarní Cena Chaloupek;Praha 9;2. kategorie;MuÏi, Ïeny, Junioﬁi, Juniorky, Dorostenci st., Dorostenky st., dorostenci ml., dorostenky ml.;SM 3x20, SM 60, LM 3x20, LM 60;;;134;11.05.2024;https://shooting.cz/cs/souteze/2024-05-11-jarni-cena-chaloupek
11.05.2024;11.05.2024;Memoriál M. Hamerleho;Praha 9 HloubÏtín;2. kategorie;MuÏi, Ïeny;VP 15+15;;;121;09.05.2024;https://shooting.cz/cs/souteze/2024-04-20-aprilova-sportka-1
11.05.2024;11.05.2024;O pohár starosty obce Brni‰tÏ - 2. roãník;Brni‰tÏ ;2. kategorie;MuÏi, Ïeny, Dorostenci st., éáci 13 a 14 let, éáci do 12 let;VzPu 60 ISSF, VzPu 40 ISSF, VzPu 30 ISSF vleûe;;;10;11.05.2024;https://shooting.cz/cs/souteze/2024-05-11-o-pohar-starosty-obce-brniste-2-rocnik-1
11.05.2024;11.05.2024;VC Dvor˘;Dvory;2. kategorie;;SP 30+30;;;37;;https://shooting.cz/cs/souteze/2024-05-11-vc-dvoru
11.05.2024;11.05.2024;VC SSK äKODA - dvojzávod;Vrchlabí;2. kategorie, Pi;MuÏi;VP 30+30;;;95;11.05.2024;https://shooting.cz/cs/souteze/2024-05-11-vc-ssk-skoda-dvojzavod
11.05.2024;12.05.2024;Velká cena MedvÏd˘ 6.roãník;PodÏbrady;2. kategorie;;SM 3x20, SM 60, LM 3x20, LM 60;SSK DDM Kolín ã. 0045;;45;;https://shooting.cz/cs/souteze/2024-05-11-velka-cena-medvedu-6-rocnik-1
12.05.2024;12.05.2024;Chocholou‰ská ‰edesátka;Bystﬁice nad Pern‰tejnem;2. kategorie;MuÏi, Ïeny, Junioﬁi, Juniorky, Dorostenci st., dorostenci ml.;SM 60, LM 60;;;303;;https://shooting.cz/cs/souteze/2024-05-12-chocholousska-sedesatka-1
12.05.2024;12.05.2024;Májová cena - 32.roãník;Svitavy;2. kategorie;MuÏi, Ïeny;VzPi 60, VzPi 40;SVâ Svitavy;;119;04.05.2024;https://shooting.cz/cs/souteze/2024-05-12-majova-cena-32-rocnik
15.05.2024;27.05.2024;European Championships Lonato;Lonato;repre-t˘my, Sledovan˘, SvÏt;MuÏi, Ïeny, Junioﬁi, Juniorky;Skeet, Trap;;;;;https://shooting.cz/cs/souteze/2024-05-15-european-championships-lonato
17.05.2024;19.05.2024;Kontrolní sledovan˘ závod 2024 2.kolo;PlzeÀ;1. kategorie, Ïebﬁíãek, Sledovan˘, Stát;MuÏi, Ïeny;LP 60, StP 3x20, VP 30+30, SM 60 ISSF, LM 60 ISSF;;;;;https://shooting.cz/cs/souteze/2024-05-17-kontrolni-sledovany-zavod-2024-2-kolo
17.05.2024;19.05.2024;Kontrolní závod reprezentace 2024 2.kolo;PlzeÀ;1. kategorie, Ïebﬁíãek, Sledovan˘, Stát;MuÏi, Ïeny;VzPi 60, SP 30+30, RP 2x30, VzPu 60 ISSF, SM 3x20, LM 3x20;;;;;https://shooting.cz/cs/souteze/2024-05-17-kontrolni-zavod-reprezentace-2024-2-kolo
18.05.2024;18.05.2024;Velká cena Chaloupek;Praha 9 HloubÏtín;2. kategorie;MuÏi, Ïeny;SP 30+30;;;121;16.05.2024;https://shooting.cz/cs/souteze/2024-05-18
18.05.2024;18.05.2024;Západoãeská liga dorostu - 3.kolo;Klatovy;2. kategorie;Dorostenci st., Dorostenky st.;SM 60, LM 60;;;173;17.05.2024;https://shooting.cz/cs/souteze/2024-05-18-zapadoceska-liga-dorostu-3-kolo-1
19.05.2024;19.05.2024;Stﬁelecká liga Horní Cerekev 2024 - 2.kolo;Horní Cerekev;2. kategorie;MuÏi, Ïeny, Junioﬁi, Juniorky, Dorostenci st., dorostenci ml.;SM 3x20, SM 60 ISSF, LM 3x20, LM 60 ISSF;;;252;19.05.2024;https://shooting.cz/cs/souteze/2024-05-19-strelecka-liga-horni-cerekev-2024-2-kolo
23.05.2024;09.06.2024;European Championships Osijek;Osijek;repre-t˘my, Sledovan˘, SvÏt;MuÏi, Ïeny, Junioﬁi, Juniorky;SP 30 míﬁená, LP 60, RP 2x30, SM 3x20, SM 60 ISSF, LM 3x20, LM 60 ISSF;;;;;https://shooting.cz/cs/souteze/2024-05-23-european-championships-osijek
25.05.2024;25.05.2024;Cena pivovaru ChotÏboﬁ;ChotÏboﬁ;2. kategorie;MuÏi, Ïeny, Junioﬁi, Juniorky, Dorostenci st., dorostenci ml.;SP 30+30;;;120;;https://shooting.cz/cs/souteze/2024-05-25-cena-pivovaru-chotebor-1
25.05.2024;25.05.2024;Chalupecké mizivky;Praha 9;3. kategorie;MuÏi, Ïeny, Junioﬁi;M-PU-MC(Pu), M-PU-MC(OM);;;134;25.05.2024;https://shooting.cz/cs/souteze/2024-05-25-chalupecke-mizivky-1
25.05.2024;25.05.2024;Májová sportka;Praha 9 HloubÏtín;3. kategorie;MuÏi, Ïeny;SP 30 míﬁená;;;121;23.05.2024;https://shooting.cz/cs/souteze/2024-05-25
25.05.2024;26.05.2024;âesk˘ pohár mládeûe 2024 2.kolo Karlovy Vary - Bﬁezová;Karlovy Vary - Bﬁezová;1. kategorie, Ïebﬁíãek, Sledovan˘, Stát;Dorostenci st., Dorostenky st.;VzPi 40, SP 30+30, VzPu 40 ISSF, SM 3x20, SM 60;âesk˘ stﬁeleck˘ svaz;;115;13.05.2024;https://shooting.cz/cs/souteze/2024-05-25-cesky-pohar-mladeze-2024-2-kolo-karlovy-vary-brezova
25.05.2024;26.05.2024;âesk˘ pohár mládeûe 2024 2.kolo Ostrava;Ostrava - Poruba;1. kategorie, Ïebﬁíãek, Sledovan˘, Stát;Dorostenci st., Dorostenky st.;VzPi 40, SP 30+30, VzPu 40 ISSF, SM 3x20, SM 60;âesk˘ stﬁeleck˘ svaz;;368;13.05.2024;https://shooting.cz/cs/souteze/2024-05-25-klon-klon-cesky-pohar-mladeze-2024-2-kolo-ostrava
26.05.2024;26.05.2024;Buchlovské pﬁedovky;Buchlovice;2. kategorie;MuÏi;PePiC, PeRe, PePuC, PePuV;;;209;;https://shooting.cz/cs/souteze/2024-05-26-buchlovske-predovky
26.05.2024;26.05.2024;Cena SSK éÔár n.S.;Velké Meziﬁíãí;2. kategorie;MuÏi, Ïeny, Junioﬁi, Juniorky, Dorostenci st., dorostenci ml.;SM 3x20, SM 60, LM 3x20, LM 60;;;161;;https://shooting.cz/cs/souteze/2024-05-26-cena-ssk-zdar-n-s
26.05.2024;26.05.2024;Kelãská liga 2024 - 2.kolo;Kelã;2. kategorie;MuÏi;SP 30+30;;;464;;https://shooting.cz/cs/souteze/2024-05-26-kelcska-liga-2024-2-kolo-1
26.05.2024;26.05.2024;Memoriál Milo‰e Slaniny 2024;Karviná;2. kategorie;MuÏi, Ïeny, Junioﬁi, Juniorky, Dorostenci st.;LP 60;;;373;26.05.2024;https://shooting.cz/cs/souteze/2024-05-26-memorial-milose-slaniny-2024
31.05.2024;02.06.2024;Oblastní stﬁelecká liga kule Karviná 2024 - 3. kolo + âPM 2024 - 2. kolo (RP 2x30);Karviná - Nové MÏsto;2. kategorie;MuÏi, Ïeny, Junioﬁi, Juniorky, Dorostenci st., Dorostenky st., dorostenci ml., dorostenky ml.;SP 30+30, LP 60, StP 3x20, RP 2x30, VP 15+15;;;373;;https://shooting.cz/cs/souteze/2024-05-31-oblastni-strelecka-liga-kule-karvina-2024-3-kolo-cpm-2024-2-kolo-rp-2x30-1
31.05.2024;07.06.2024;ISSF World Cup Munich;Mnichov;repre-t˘my, Sledovan˘, SvÏt;MuÏi, Ïeny;VzPi 60, SP 30 míﬁená, RP 2x30, VzPu 60 ISSF, SM 3x20, LM 3x20;;;;;https://shooting.cz/cs/souteze/2024-02-10-issf-world-cup-granada-clone-911039
01.06.2024;01.06.2024;Jarní cena Pﬁezletic;CtÏnice;2. kategorie;MuÏi, Ïeny, Dorostenci st., dorostenci ml.;SM 3x20, SM 60, LM 3x20, LM 60;;;190;;https://shooting.cz/cs/souteze/2024-06-01-jarni-cena-prezletic-1
01.06.2024;01.06.2024;Pohár J. Krofty;Praha 9 HloubÏtín;2. kategorie;MuÏi, Ïeny;SP 30 míﬁená;;;121;30.05.2024;https://shooting.cz/cs/souteze/2024-06-01
01.06.2024;01.06.2024;Posázavská tﬁicítka Memorial Jaroslava Birndta;Krhanice;3. kategorie;;SP 30 míﬁená;;;117;;https://shooting.cz/cs/souteze/2024-06-01-posazavska-tricitka-memorial-jaroslava-birndta-1
01.06.2024;01.06.2024;VC Krhanic;Krhanice;2. kategorie;;StP 3x20;;;117;;https://shooting.cz/cs/souteze/2024-06-01-vc-krhanic-1
01.06.2024;01.06.2024;VC SSK 0311-Most 2024;âepirohy;2. kategorie;MuÏi;PePiC, PeRe, KﬁPiC, PePiV, PePuC, PePuV, KﬁPuC, KﬁPuV;;;311;01.06.2024;https://shooting.cz/cs/souteze/2024-06-01-vc-ssk-0311-most-2024
01.06.2024;01.06.2024;VC SSK Brni‰tÏ;Brni‰tÏ ;2. kategorie;MuÏi, Ïeny, Dorostenci st.;SM 60 ISSF, LM 60 ISSF;;;10;01.06.2024;https://shooting.cz/cs/souteze/2024-06-01-vc-ssk-brniste-1
02.06.2024;02.06.2024;Lukovská sportka XV. ro4n9k;Luková u Lan‰krouna;2. kategorie;MuÏi;SP 30+30, VP 30+30;SSKP ORLICE ⁄stí nad Orlicí;;262;24.05.2024;https://shooting.cz/cs/souteze/2024-06-02-lukovska-sportka-xv-ro4n9k
02.06.2024;02.06.2024;Memoriál Oldﬁicha Gavendy 4. roãník;Opava;2. kategorie;MuÏi, Ïeny, Junioﬁi, Juniorky, Dorostenci st., Dorostenky st.;SM 3x20, SM 60, LM 3x20, LM 60;;;4;30.05.2024;https://shooting.cz/cs/souteze/2024-06-02-memorial-oldricha-gavendy-4-rocnik
02.06.2024;02.06.2024;Stﬁelecká liga Horní Cerekev 2024 - 3.kolo, Pohár AVZO Horní Cerekev;Horní Cerekev;2. kategorie;MuÏi, Ïeny, Junioﬁi, Juniorky, Dorostenci st., dorostenci ml.;SM 3x20, SM 60 ISSF, LM 3x20, LM 60 ISSF;;;252;02.06.2024;https://shooting.cz/cs/souteze/2024-06-02-strelecka-liga-horni-cerekev-2024-3-kolo-pohar-avzo-horni-cerekev
07.06.2024;09.06.2024;International Championship of Veterans;PlzeÀ;1. kategorie, SvÏt;Veteráni 45 - 54 let, Veteráni 65+ let, SH1, Ïeny, Veteráni;VzPi 40, SP 30+30, SP 30 míﬁená, VzPu 40 ISSF;;;15;30.05.2024;https://shooting.cz/cs/souteze/2024-06-07-international-championship-of-veterans
08.06.2024;08.06.2024;âervnové stﬁílení ;Borek;2. kategorie;MuÏi, Ïeny, Junioﬁi, Juniorky, Dorostenci st., éáci 13 a 14 let, éáci do 12 let;VzPu 60 ISSF, VzPu 40 ISSF, VzPu 30 ISSF vleûe;;;301;05.06.2024;https://shooting.cz/cs/souteze/2024-06-08-cervnove-strileni-1
08.06.2024;08.06.2024;Dvorská ‰ance;Dvory;2. kategorie;;VP 30+30;;;37;;https://shooting.cz/cs/souteze/2024-06-08-dvorska-sance
10.06.2024;19.06.2024;ISSF World Cup Lonato;Lonato;repre-t˘my, Sledovan˘;MuÏi, Ïeny;Skeet, Trap;;;;;https://shooting.cz/cs/souteze/2024-02-04-issf-world-cup-shotgun-rabat-clone-216992
14.06.2024;16.06.2024;Kontrolní sledovan˘ závod 2024 3.kolo;PlzeÀ;1. kategorie, Ïebﬁíãek, Sledovan˘, Stát;MuÏi, Ïeny;LP 60, StP 3x20, VP 30+30, SM 60 ISSF, LM 60 ISSF;;;;;https://shooting.cz/cs/souteze/2024-06-14-kontrolni-sledovany-zavod-2024-3-kolo
14.06.2024;16.06.2024;Kontrolní závod reprezentace 2024 3.kolo;PlzeÀ;1. kategorie, Ïebﬁíãek, Sledovan˘, Stát;MuÏi, Ïeny;VzPi 60, SP 30+30, RP 2x30, VzPu 60 ISSF, SM 3x20, LM 3x20;;;;;https://shooting.cz/cs/souteze/2024-06-14-kontrolni-zavod-reprezentace-2024-3-kolo
15.06.2024;15.06.2024;Akátová sportka;Praha 9 HloubÏtín;3. kategorie;MuÏi, Ïeny;SP 30 míﬁená;;;121;13.06.2024;https://shooting.cz/cs/souteze/2024-06-15-akatova-sportka-1
15.06.2024;15.06.2024;Boreck˘ pohár 2024 - 2.kolo;Borek;2. kategorie;MuÏi;SP 30+30;;;42;11.05.2024;https://shooting.cz/cs/souteze/2024-06-15-borecky-pohar-2024-2-kolo-1
15.06.2024;15.06.2024; Memoriál Fr. My‰ky;Dvory;2. kategorie;;SM 60, LM 60;;;37;;https://shooting.cz/cs/souteze/2024-06-15-memorial-fr-mysky
16.06.2024;16.06.2024;Lukovská kule  XVII. roãník +  pﬁebor Pardubického a  Královéhradeckého kraje;Luková u Lan‰krouna;2. kategorie, Kraj;MuÏi;PePiC, PeRe, KﬁPiC, PePiV, PePuC, PePuV, KﬁPuC;SSKP ORLICE ⁄stí nad Orlicí;;262;07.06.2024;https://shooting.cz/cs/souteze/2024-06-16-lukovska-kule-xvii-rocnik
21.06.2024;23.06.2024;Oblastní stﬁelecká liga kule Karviná 2024 - 4. kolo + âPM 2024 - 3. kolo (RP 2x30);Karviná - Nové MÏsto;2. kategorie;MuÏi, Ïeny, Junioﬁi, Juniorky, Dorostenci st., Dorostenky st., dorostenci ml., dorostenky ml.;SP 30+30, LP 60, StP 3x20, RP 2x30, VP 15+15;;;373;;https://shooting.cz/cs/souteze/2024-06-21-oblastni-strelecka-liga-kule-karvina-2024-4-kolo-cpm-2024-3-kolo-rp-2x30-1
22.06.2024;22.06.2024;Letní Cena Chaloupek;Praha 9;2. kategorie;MuÏi, Ïeny, Junioﬁi, Juniorky, Dorostenci st., Dorostenky st., dorostenci ml., dorostenky ml.;SM 3x20, SM 60, LM 3x20, LM 60;;;134;;https://shooting.cz/cs/souteze/2024-06-22-letni-cena-chaloupek-1
22.06.2024;22.06.2024; VC SSK+AVZO Semily - Historické zbranÏ;Semily;2. kategorie;;PeRe, PeRe50m, KﬁPiC, PePiV, PePuV, KﬁPuV, Werndl;Michal Saska;;731;05.10.2024;https://shooting.cz/cs/souteze/2024-06-22-vc-ssk-avzo-semily-historicke-zbrane-1
23.06.2024;23.06.2024;VC SSK ProsimÏﬁice;ProsimÏﬁice;2. kategorie;MuÏi, Ïeny, Junioﬁi, Juniorky, Dorostenci st., dorostenci ml.;SM 3x20, SM 60, LM 3x20, LM 60;;;125;23.06.2024;https://shooting.cz/cs/souteze/2024-06-23-vc-ssk-prosimerice
23.06.2024;23.06.2024;Velká cena Bystﬁice n.P.;Bystﬁice nad Pern‰tejnem;2. kategorie;MuÏi, Ïeny, Junioﬁi, Juniorky, Dorostenci st., dorostenci ml.;SM 3x20, SM 60, LM 3x20, LM 60;;;303;;https://shooting.cz/cs/souteze/2024-06-23-velka-cena-bystrice-n-p-1
23.06.2024;23.06.2024;Vrchlabská libovolka I. a sportka;Vrchlabí;2. kategorie, Pi;MuÏi, Ïeny, Dorostenci st., Dorostenky st.;SP 30+30, LP 60;;;95;23.06.2024;https://shooting.cz/cs/souteze/2024-06-23-vrchlabska-libovolka-i-a-sportka-1
24.06.2024;27.06.2024;Olympiáda dÏtí a mládeûe 2024;âeské BudÏjovice;1. kategorie, Sledovan˘;Dorostenci st., Dorostenky st.;VzPi 40, VzPu 40 ISSF;"Kraj Jihoãesk˘;  âSS z.s. - Jihoãeské krajské sdruÏení";;;27.05.2024;https://shooting.cz/cs/souteze/2024-06-24-olympiada-deti-a-mladeze-2024-1
29.06.2024;29.06.2024;Polabsk˘ pohár;podÏbrady;2. kategorie;;SM 60, LM 60;Kolín 0348;;32;;https://shooting.cz/cs/souteze/2024-06-29-polabsky-pohar-1
29.06.2024;29.06.2024;VC Buchlovic;Buchlovice;2. kategorie;MuÏi, Ïeny, Junioﬁi;SP 30+30, VP 15+15;;;209;;https://shooting.cz/cs/souteze/2024-06-29-vc-buchlovic-1
29.06.2024;30.06.2024;âesk˘ pohár mládeûe 2024 3.kolo Manu‰ice;Manu‰ice;1. kategorie, Ïebﬁíãek, Sledovan˘, Stát;Dorostenci st., Dorostenky st.;VzPi 40, SP 30+30, VzPu 40 ISSF, SM 3x20, SM 60;âesk˘ stﬁeleck˘ svaz;;200;17.06.2024;https://shooting.cz/cs/souteze/2024-06-29-cesky-pohar-mladeze-2024-3-kolo-manusice
29.06.2024;30.06.2024;âesk˘ pohár mládeûe 2024 3.kolo Ostrava;Ostrava - Poruba;1. kategorie, Ïebﬁíãek, Sledovan˘, Stát;Dorostenci st., Dorostenky st.;VzPi 40, SP 30+30, VzPu 40 ISSF, SM 3x20, SM 60;âesk˘ stﬁeleck˘ svaz;;368;17.06.2024;https://shooting.cz/cs/souteze/2024-06-29-cesky-pohar-mladeze-2024-3-kolo-ostrava
30.06.2024;30.06.2024;Kelãská liga 2024 - 3.kolo, CENA KELâE;Kelã;2. kategorie;MuÏi;SP 30+30;;;464;;https://shooting.cz/cs/souteze/2024-06-30-kelcska-liga-2024-3-kolo-cena-kelce
05.07.2024;05.07.2024;Klatovsk˘ karafiát;Klatovy;2. kategorie;MuÏi, Ïeny, Junioﬁi, Juniorky, Dorostenci st., Senioﬁi;SP 30+30, LP 60;;;173;04.07.2024;https://shooting.cz/cs/souteze/2024-07-05-klatovsky-karafiat-1
06.07.2024;06.07.2024;59. roãník Velké ceny mÏsta Uhersk˘ Ostroh a 45. Roãník memoriálu Stanislava Kﬁiváka;Uhersk˘ Ostroh;2. kategorie;MuÏi;PePiC, PeRe, PeRe50m, KﬁPiC, DPi, PePiV, PePuC, PePuV, KﬁPuC, DPu, DPuK, KﬁPuV, PePuC100m, PePuV100m, KﬁPu100;;;210;06.07.2024;https://shooting.cz/cs/souteze/2024-07-06-59-rocnik-velke-ceny-mesta-uhersky-ostroh-a-45-rocnik-memorialu-stanislava-krivaka
06.07.2024;06.07.2024;Velká cena ChotÏboﬁe;ChotÏboﬁ;2. kategorie;MuÏi, Ïeny, Junioﬁi, Juniorky, Dorostenci st., dorostenci ml.;SP 30+30;;;120;;https://shooting.cz/cs/souteze/2024-07-06-velka-cena-chotebore-1
09.07.2024;16.07.2024;ISSF Junior World Cup Porpetto;Porpetto;repre-t˘my, Sledovan˘, SvÏt;Junioﬁi, Juniorky;Skeet, Trap;;;;;https://shooting.cz/cs/souteze/2024-07-09-issf-junior-world-cup-porpetto
10.07.2024;14.07.2024;Meeting of the Shooting Hopes 2024;PlzeÀ;1. kategorie, Ïebﬁíãek, Sledovan˘, SvÏt;Junioﬁi, Juniorky;VzPi 60, SP 30+30, LP 60, StP 3x20, RP 2x30, VzPu 60 ISSF, SM 3x20, SM 60 ISSF, LM 3x20, LM 60 ISSF;SdruÏení stﬁeleck˘ch klub˘ mÏsta PlznÏ;;;03.07.2024;https://shooting.cz/cs/souteze/2024-07-10-meeting-of-the-shooting-hopes-2024
20.07.2024;20.07.2024;Pohár mÏsta ChotÏboﬁe;ChotÏboﬁ;2. kategorie;MuÏi, Ïeny, Junioﬁi, Juniorky, Dorostenci st., dorostenci ml.;SP 30+30;;;120;;https://shooting.cz/cs/souteze/2024-07-20-pohar-mesta-chotebore-1
20.07.2024;20.07.2024;Velká cena Batelova;Batelov;2. kategorie;MuÏi, Ïeny, Junioﬁi, Dorostenci st., dorostenci ml.;SM 60, LM 60;;;383;18.07.2024;https://shooting.cz/cs/souteze/2024-07-20-velka-cena-batelova
21.07.2024;21.07.2024;Stﬁelecká liga Horní Cerekev 2024 - 4.kolo;Horní Cerekev;2. kategorie;MuÏi, Ïeny, Junioﬁi, Juniorky, Dorostenci st., dorostenci ml.;SM 3x20, SM 60 ISSF, LM 3x20, LM 60 ISSF;;;252;21.07.2024;https://shooting.cz/cs/souteze/2024-07-21-strelecka-liga-horni-cerekev-2024-4-kolo
26.07.2024;05.08.2024;XXXIII Olympic Games;Paﬁíû;repre-t˘my, Sledovan˘, SvÏt;MuÏi, Ïeny;VzPi 60, SP 30 míﬁená, RP 2x30, VzPu 60 ISSF, SM 3x20, LM 3x20, Skeet, Trap;;;;;https://shooting.cz/cs/souteze/2024-07-26-xxxiii-olympic-games
27.07.2024;27.07.2024;Boreck˘ pohár 2024 - 3.kolo;Borek;2. kategorie;MuÏi;SP 30+30;;;42;11.05.2024;https://shooting.cz/cs/souteze/2024-07-27-borecky-pohar-2024-3-kolo-1
27.07.2024;28.07.2024;Potkali se u Kolína 11.roãník;PodÏbrady;2. kategorie;;SM 3x20, SM 60, LM 3x20, LM 60;SSK DDM Kolín ã. 0045;;45;;https://shooting.cz/cs/souteze/2024-07-27-potkali-se-u-kolina-11-rocnik-2
28.07.2024;28.07.2024;Kelãská liga 2024 - 4.kolo;Kelã;2. kategorie;MuÏi;SP 30+30;;;464;;https://shooting.cz/cs/souteze/2024-07-28-kelcska-liga-2024-4-kolo-1
03.08.2024;03.08.2024;Memoriál Guntera Stoklasy  ,, osm˘  ROâNÕK ì;Nová paka;2. kategorie;MuÏi;PePiC, PeRe, PePiV, PePuC, PePuV, KﬁPuC, Werndl;;;192;03.08.2024;https://shooting.cz/cs/souteze/2024-08-03-memorial-guntera-stoklasy-osmy-rocnik
04.08.2024;04.08.2024;Pohár Lobez;PlzeÀ;2. kategorie;MuÏi, Ïeny, Dorostenci st., Dorostenky st., Senioﬁi;SP 30+30, StP 3x20;;;232;02.08.2024;https://shooting.cz/cs/souteze/2024-08-04-pohar-lobez
10.08.2024;10.08.2024;Boreck˘ pohár 2024 - 4.kolo;Borek;2. kategorie;MuÏi;SP 30+30;;;42;11.05.2024;https://shooting.cz/cs/souteze/2024-08-10-borecky-pohar-2024-4-kolo-1
10.08.2024;10.08.2024;Memoriál Josefa S˘se;Sokolov;2. kategorie;MuÏi, Ïeny, Junioﬁi, Dorostenci st., Senioﬁi;SP 30+30, StP 3x20;;;258;10.08.2024;https://shooting.cz/cs/souteze/2024-08-10-memorial-josefa-syse
10.08.2024;10.08.2024;Pohár mÏsta Hluãína;Hluãín;2. kategorie;MuÏi, Ïeny, Junioﬁi, Juniorky, Dorostenci st., Dorostenky st., dorostenci ml., dorostenky ml., Veteráni;SM 3x20, SM 60;;;34;09.08.2024;https://shooting.cz/cs/souteze/2024-08-10-pohar-mesta-hlucina-1
11.08.2024;11.08.2024;Opavsk˘ leûák a standard a pﬁebor Moravskoslezského kraje;Opava;2. kategorie;MuÏi, Ïeny, Junioﬁi, Juniorky, Dorostenci st., Dorostenky st.;SM 3x20, SM 60, LM 3x20, LM 60;Ostroj Opava;;4;08.08.2024;https://shooting.cz/cs/souteze/2024-08-11-opavsky-lezak-a-standard-a-prebor-moravskoslezskeho-kraje
11.08.2024;11.08.2024;Stﬁelecká liga Horní Cerekev 2024 - 5.kolo;Horní Cerekev;2. kategorie;MuÏi, Ïeny, Junioﬁi, Juniorky, Dorostenci st., dorostenci ml.;SM 3x20, SM 60 ISSF, LM 3x20, LM 60 ISSF;;;252;11.08.2024;https://shooting.cz/cs/souteze/2024-08-11-strelecka-liga-horni-cerekev-2024-5-kolo
17.08.2024;18.08.2024;Akademické mistrovství âR 2024;PlzeÀ;1. kategorie, Ïebﬁíãek, Sledovan˘, Stát;MuÏi, Ïeny;VzPi 60, SP 30+30, LP 60, VzPu 60 ISSF, SM 3x20, SM 60, LM 3x20, LM 60 ISSF;âesk˘ stﬁeleck˘ svaz;;;17.08.2024;https://shooting.cz/cs/souteze/2024-08-17-akademicke-mistrovstvi-cr-2024
17.08.2024;18.08.2024;âesk˘ pohár mládeûe 2024 4.kolo PlzeÀ spoleãné;PlzeÀ;1. kategorie, Ïebﬁíãek, Sledovan˘, Stát;Dorostenci st., Dorostenky st.;VzPi 40, SP 30+30, RP 2x30, VzPu 40 ISSF, SM 3x20, SM 60;âesk˘ stﬁeleck˘ svaz;;;05.08.2024;https://shooting.cz/cs/souteze/2024-08-17-cesky-pohar-mladeze-2024-4-kolo-plzen-spolecne
18.08.2024;18.08.2024;Vrchlabská libovolka II. a sportka;Vrchlabí;2. kategorie, Pi;MuÏi, Ïeny, Dorostenci st., Dorostenky st.;SP 30+30, LP 60;;;95;18.08.2024;https://shooting.cz/cs/souteze/2024-08-18-vrchlabska-libovolka-ii-a-sportka-1
23.08.2024;25.08.2024;Kontrolní sledovan˘ závod 2024 4.kolo;PlzeÀ;1. kategorie, Ïebﬁíãek, Sledovan˘, Stát;MuÏi, Ïeny;LP 60, StP 3x20, VP 30+30, SM 60 ISSF, LM 60 ISSF;;;;;https://shooting.cz/cs/souteze/2024-08-23-kontrolni-sledovany-zavod-2024-4-kolo
23.08.2024;25.08.2024;Kontrolní závod reprezentace 2024 4.kolo;PlzeÀ;1. kategorie, Ïebﬁíãek, Sledovan˘, Stát;MuÏi, Ïeny;VzPi 60, SP 30+30, RP 2x30, VzPu 60 ISSF, SM 3x20, LM 3x20;;;;;https://shooting.cz/cs/souteze/2024-08-23-kontrolni-zavod-reprezentace-2024-4-kolo
24.08.2024;24.08.2024;Rychlá pistole;Nová paka;3. kategorie;MuÏi;StVzPi 3x20;;;192;24.08.2024;https://shooting.cz/cs/souteze/2024-08-24-rychla-pistole
24.08.2024;25.08.2024;VC PodÏbrad 2024 - Memoriál J. Vlãka;PodÏbrady;2. kategorie;;LM 3x20, LM 60;;;32;;https://shooting.cz/cs/souteze/2024-08-24-vc-podebrad-2024-memorial-j-vlcka-1
30.08.2024;01.09.2024;Oblastní stﬁelecká liga kule Karviná 2024 - 5. kolo;Karviná - Nové MÏsto;2. kategorie;MuÏi, Ïeny, Junioﬁi, Juniorky, Dorostenci st., Dorostenky st., dorostenci ml., dorostenky ml.;SP 30+30, LP 60, StP 3x20, RP 2x30, VP 15+15;;;373;;https://shooting.cz/cs/souteze/2024-08-30-oblastni-strelecka-liga-kule-karvina-2024-5-kolo-1
31.08.2024;31.08.2024;Memoriál Gery a Libora K˘rkov˘ch;Manu‰ice;2. kategorie;MuÏi, Ïeny, Junioﬁi, Juniorky, Dorostenci st., dorostenci ml.;SM 3x20, SM 60;;;200;25.08.2024;https://shooting.cz/cs/souteze/2024-08-31-memorial-gery-a-libora-kurkovych-1
31.08.2024;31.08.2024;Podzimní v˘stﬁel;Horní Cerekev;2. kategorie;MuÏi, Ïeny;SM 60 ISSF, LM 60 ISSF;;;252;31.08.2024;https://shooting.cz/cs/souteze/2024-08-31-podzimni-vystrel
31.08.2024;31.08.2024;Poslední prázdninov˘ v˘stﬁel 23. roãník a 16. roãník Memoriálu Karla Aubuse;Uhersk˘ Ostroh;2. kategorie;MuÏi;PePiC, PeRe, PeRe50m, KﬁPiC, DPi, PePuC, PePuV, KﬁPuC, DPu, PePuC100m, PePuV100m;;;210;31.08.2024;https://shooting.cz/cs/souteze/2024-08-31-posledni-prazdninovy-vystrel-23-rocnik-a-16-rocnik-memorialu-karla-aubuse
31.08.2024;31.08.2024;Velká cena SSK ChotÏboﬁ;ChotÏboﬁ;2. kategorie;MuÏi, Ïeny, Junioﬁi, Juniorky, Dorostenci st., dorostenci ml.;SM 3x20, SM 60, LM 3x20, LM 60;;;120;;https://shooting.cz/cs/souteze/2024-08-31-velka-cena-ssk-chotebor-1
01.09.2024;01.09.2024;Memoriál F.Vobra;Bystﬁice nad Pern‰tejnem;2. kategorie;MuÏi, Ïeny, Junioﬁi, Juniorky, Dorostenci st., dorostenci ml.;SM 60, LM 60;;;303;;https://shooting.cz/cs/souteze/2024-09-01-memorial-f-vobra-1
01.09.2024;01.09.2024;Memoriál Ilka Dlouhého;ProsimÏﬁice;2. kategorie;MuÏi, Ïeny, Junioﬁi, Juniorky, Dorostenci st., dorostenci ml.;SM 3x20, SM 60, LM 3x20, LM 60;;;125;01.09.2024;https://shooting.cz/cs/souteze/2024-09-01-memorial-ilka-dlouheho
06.09.2024;08.09.2024;âesk˘ pohár mládeûe 2024 finále PlzeÀ;PlzeÀ;1. kategorie, Ïebﬁíãek, Sledovan˘, Stát;Dorostenci st., Dorostenky st.;VzPi 40, SP 30+30, RP 2x30, VzPu 40 ISSF, SM 3x20, SM 60;âesk˘ stﬁeleck˘ svaz;;;26.08.2024;https://shooting.cz/cs/souteze/2024-08-17-klon-cesky-pohar-mladeze-2024-4-kolo-plzen
06.09.2024;08.09.2024;Kontrolní závod reprezentace 2024 Finále;PlzeÀ;1. kategorie, Ïebﬁíãek, Sledovan˘, Stát;MuÏi, Ïeny;VzPi 60, SP 30+30, RP 2x30, VzPu 60 ISSF, SM 3x20, LM 3x20;;;;;https://shooting.cz/cs/souteze/2024-09-06-kontrolni-zavod-reprezentace-2024-finale
07.09.2024;07.09.2024;Boreck˘ pohár 2024 - 5.kolo;Borek;2. kategorie;MuÏi;SP 30+30;;;42;11.05.2024;https://shooting.cz/cs/souteze/2024-09-07-borecky-pohar-2024-5-kolo-1
07.09.2024;07.09.2024;Memoriál Franti‰ka Rejmana;Praha 9 HloubÏtín;3. kategorie;MuÏi, Ïeny;SP 30 míﬁená;;;121;05.09.2024;https://shooting.cz/cs/souteze/2024-09-07-memorial-frantiska-rejmana-1
08.09.2024;08.09.2024;Kelãská liga 2024 - 5.kolo + FIN¡LE;Kelã;2. kategorie;MuÏi;SP 30+30;;;464;;https://shooting.cz/cs/souteze/2024-09-08-kelcska-liga-2024-5-kolo-finale-1
09.09.2024;12.09.2024;Memoriál Milana Albrechta;Hluãín;2. kategorie;MuÏi, Ïeny, Junioﬁi, Juniorky, Dorostenci st., Dorostenky st., Veteráni;SM 60, LM 60;;;34;12.09.2024;https://shooting.cz/cs/souteze/2024-09-09
14.09.2024;14.09.2024;Chaloupecká sportka;Praha 9 HloubÏtín;3. kategorie;MuÏi, Ïeny;SP 30 míﬁená;;;121;12.09.2024;https://shooting.cz/cs/souteze/2024-09-14-chaloupecka-sportka-1
14.09.2024;14.09.2024;Podzimní cena Pﬁezletic;CtÏnice;2. kategorie;MuÏi, Ïeny, Dorostenci st., dorostenci ml.;SM 3x20, SM 60, LM 3x20, LM 60;;;190;;https://shooting.cz/cs/souteze/2024-09-14-podzimni-cena-prezletic
14.09.2024;14.09.2024;VC Pelhﬁimova, Memoriál J.Veverky;Pelhﬁimov;2. kategorie;MuÏi, Ïeny, Junioﬁi, Juniorky, Dorostenci st., dorostenci ml.;SM 3x20, SM 60, LM 3x20, LM 60;;;353;;https://shooting.cz/cs/souteze/2024-09-14-vc-pelhrimova-memorial-j-veverky-1
15.09.2024;15.09.2024;Memoriál Jana Vondráãka  XVII. roãník;Luková u Lan‰krouna;2. kategorie;MuÏi;PePiC, PeRe, KﬁPiC, PePiV, PePuC, PePuV, KﬁPuC;SSKP ORLICE ⁄stí nad Orlicí;;262;06.09.2024;https://shooting.cz/cs/souteze/2024-09-15-memorial-jana-vondracka-xvii-rocnik
15.09.2024;15.09.2024;Pohár SSK Bystﬁice n.P.;Bystﬁice nad Pern‰tejnem;2. kategorie;MuÏi, Ïeny, Junioﬁi, Juniorky, Dorostenci st., dorostenci ml.;SM 60, LM 60;;;303;;https://shooting.cz/cs/souteze/2024-09-15-pohar-ssk-bystrice-n-p-1
15.09.2024;15.09.2024;VC Pelhﬁimova, Memoriál J.Veverky;Pelhﬁimov;2. kategorie;MuÏi, Ïeny, Junioﬁi, Juniorky, Dorostenci st., dorostenci ml.;SP 30+30, VP 30+30;;;353;;https://shooting.cz/cs/souteze/2024-09-15-vc-pelhrimova-memorial-j-veverky-1
20.09.2024;22.09.2024;Mistrovství âR 2024 kule;PlzeÀ;1. kategorie;MuÏi, Ïeny, Junioﬁi, Juniorky, Dorostenci st., Dorostenky st.;SP 30+30, LP 60, StP 3x20, RP 2x30, VP 30+30, SM 3x20, SM 60 ISSF, LM 3x20, LM 60 ISSF;âesk˘ stﬁeleck˘ svaz;;;10.09.2024;https://shooting.cz/cs/souteze/2024-09-20-mistrovstvi-cr-2024-kule
21.09.2024;21.09.2024;Krhanické pﬁedovky;Krhanice;2. kategorie;;PePiC, PeRe, KﬁPiC, DPi, PePiV;;;117;;https://shooting.cz/cs/souteze/2024-09-21-krhanicke-predovky-1
21.09.2024;21.09.2024;Manu‰ické pﬁedovky;Manu‰ice;2. kategorie;;PePiC, PeRe, KﬁPiC, DPi, PePiV, PePuC, PePuV, KﬁPuC, KﬁPuV;SSK Manu‰ice 0200;;200;19.09.2024;https://shooting.cz/cs/souteze/2024-09-21-manusicke-predovky-1
21.09.2024;21.09.2024;Podzimní Cena Chaloupek;Praha 9;2. kategorie;MuÏi, Ïeny, Junioﬁi, Juniorky, Dorostenci st., Dorostenky st., dorostenci ml., dorostenky ml.;SM 3x20, SM 60, LM 3x20, LM 60;;;134;;https://shooting.cz/cs/souteze/2024-09-21-podzimni-cena-chaloupek
21.09.2024;21.09.2024;VC Buchlovic;Buchlovice;2. kategorie;MuÏi;StP 3x20, VP 15+15;;;209;;https://shooting.cz/cs/souteze/2024-09-21-vc-buchlovic-1
21.09.2024;21.09.2024;Velká cena amatér˘;Praha 9 HloubÏtín;3. kategorie;MuÏi, Ïeny;SP 30 míﬁená;;;121;19.09.2024;https://shooting.cz/cs/souteze/2024-09-21
26.09.2024;09.10.2024;Junior World Championship Lima;Lima;repre-t˘my, Sledovan˘, SvÏt;Junioﬁi, Juniorky;VzPi 60, SP 30 míﬁená, RP 2x30, VzPu 60 ISSF, SM 3x20, SM 60 ISSF, LM 3x20, LM 60 ISSF, Skeet, Trap;;;;;https://shooting.cz/cs/souteze/2024-11-01-junior-world-championship-lima
28.09.2024;28.09.2024;Velká cena Letova;Praha 9 HloubÏtín;2. kategorie;MuÏi, Ïeny;SP 30 míﬁená;;;121;26.09.2024;https://shooting.cz/cs/souteze/2024-09-28-1
29.09.2024;29.09.2024;Honba za rekordy Petra Hubáãe 2024;;2. kategorie;MuÏi, Ïeny, Junioﬁi, Juniorky, Dorostenci st., Dorostenky st., dorostenci ml., dorostenky ml.;SpVzPi 30+30, StVzPi 3x20;;;373;29.09.2024;https://shooting.cz/cs/souteze/2024-09-29-honba-za-rekordy-petra-hubace-2024
29.09.2024;29.09.2024;Pohár SSK Mosti‰tÏ;Velké Meziﬁíãí;2. kategorie;MuÏi, Ïeny, Junioﬁi, Juniorky, Dorostenci st., dorostenci ml.;SM 60, LM 60;;;287;;https://shooting.cz/cs/souteze/2024-09-29-pohar-ssk-mostiste-1
29.09.2024;29.09.2024;Posázavsk˘ pohár, 65.roãník;Krhanice;2. kategorie;;SP 30+30;;;117;;https://shooting.cz/cs/souteze/2024-09-29-posazavsky-pohar-65-rocnik
05.10.2024;05.10.2024;Husitsk˘ ‰tít 65. roãník + Jihoãesk˘ KP;Borek;2. kategorie;MuÏi, Ïeny, Dorostenci st., Dorostenky st.;SP 30+30, SM 3x20, SM 60 ISSF, LM 3x20, LM 60 ISSF;;;42;02.10.2024;https://shooting.cz/cs/souteze/2024-10-05-husitsky-stit-65-rocnik-jihocesky-kp-1
05.10.2024;05.10.2024;Memoriál Vlastimila Hejla;Praha 9 HloubÏtín;2. kategorie;MuÏi, Ïeny;SP 30+30;;;121;03.10.2024;https://shooting.cz/cs/souteze/2024-10-05-memorial-vlastimila-hejla
06.10.2024;06.10.2024;Pohár SSK Velké Meziﬁíãí;Velké Meziﬁíãí;2. kategorie;MuÏi, Ïeny, Junioﬁi, Juniorky, Dorostenci st., dorostenci ml.;SM 60, LM 60;;;324;;https://shooting.cz/cs/souteze/2024-10-06-pohar-ssk-velke-mezirici
12.10.2024;12.10.2024;BudÏjická diabolka;Borek;2. kategorie;MuÏi, Ïeny, Junioﬁi, Juniorky, Dorostenci st., éáci 13 a 14 let, éáci do 12 let;VzPu 60 ISSF, VzPu 40 ISSF, VzPu 30 ISSF vleûe;;;301;09.10.2024;https://shooting.cz/cs/souteze/2024-10-12-budejicka-diabolka-1
12.10.2024;12.10.2024;Pohár Sopky;Nová paka;2. kategorie;MuÏi, Ïeny;LM 60;;;192;12.10.2024;https://shooting.cz/cs/souteze/2024-10-12-pohar-sopky-1
12.10.2024;12.10.2024;Praûsk˘ stﬁeleck˘ festival;Praha 9 HloubÏtín;2. kategorie;MuÏi, Ïeny;VP 15+15;;;121;10.10.2024;https://shooting.cz/cs/souteze/2024-10-12-prazsky-strelecky-festival-1
19.10.2024;19.10.2024;Podzimní soutÏû z pﬁedovek 2024;OstromÏﬁ;2. kategorie;MuÏi;PePiC, PeRe, KﬁPiC, DPi, PePiV, PePuC, PePuV, KﬁPuC, Werndl;;;214;11.10.2024;https://shooting.cz/cs/souteze/2024-10-19-podzimni-soutez-z-predovek-2024-1
19.10.2024;19.10.2024;VC Borku - 26.roãník;Borek;2. kategorie;MuÏi, Ïeny, Junioﬁi, Juniorky, Dorostenci st., Dorostenky st.;VzPi 60, VzPi 40, VzPu 60 ISSF, VzPu 40 ISSF;;;42;16.10.2024;https://shooting.cz/cs/souteze/2024-10-19-vc-borku-26-rocnik-1
19.10.2024;20.10.2024;TvrÔák 2024;PlzeÀ;2. kategorie;MuÏi;VzPi 60, VzPu 60 ISSF;;;69;19.10.2024;https://shooting.cz/cs/souteze/2024-10-19-tvrdak-2024
26.10.2024;26.10.2024;Podzimní sportka;Praha 9 HloubÏtín;3. kategorie;MuÏi, Ïeny;SP 30 míﬁená;;;121;24.10.2024;https://shooting.cz/cs/souteze/2024-10-26-podzimni-sportka-1
02.11.2024;02.11.2024;Podzimní soutÏû;Nová paka;3. kategorie;MuÏi;SP 30+30;;;192;02.11.2024;https://shooting.cz/cs/souteze/2024-11-02-podzimni-soutez-2
02.11.2024;02.11.2024;VC Stromovky - 26.roãník;Borek;2. kategorie;MuÏi, Ïeny, Dorostenci st.;VzPi 60, VzPi 40, VzPu 60 ISSF, VzPu 40 ISSF;;;301;30.10.2024;https://shooting.cz/cs/souteze/2024-11-02-vc-stromovky-26-rocnik-1
02.11.2024;02.11.2024;Vrchlabsko-Trutnovská vzduchovková liga 2024-2025 1.kolo;Trutnov;2. kategorie, Pi;MuÏi, Ïeny, Dorostenci st., Dorostenky st., Veteráni;VzPi 60, VzPi 40;;;95;02.11.2024;https://shooting.cz/cs/souteze/2024-11-02-vrchlabsko-trutnovska-vzduchovkova-liga-2024-2025-1-kolo-1
23.11.2024;24.11.2024;Grand Prix Rapid PlzeÀ;PlzeÀ;1. kategorie, Sledovan˘;MuÏi, Ïeny, Dorostenci st.;VzPi 60, VzPi 40, VzPu 60 ISSF, VzPu 40;;;232;14.11.2024;https://shooting.cz/cs/souteze/2024-11-23-grand-prix-rapid-plzen
30.11.2024;30.11.2024;Vrchlabsko-Trutnovská vzduchovková liga 2024-2025 - 2.kolo;Trutnov;2. kategorie, Pi;MuÏi, Ïeny, Dorostenci st., Dorostenky st., Veteráni;VzPi 60, VzPi 40;;;95;30.11.2024;https://shooting.cz/cs/souteze/2024-11-30-vrchlabsko-trutnovska-vzduchovkova-liga-2024-2025-2-kolo-1
07.12.2024;07.12.2024;Vánoãní stﬁílení - 16.roãník;Borek;2. kategorie;MuÏi, Ïeny, Junioﬁi, Juniorky, Dorostenci st., éáci 13 a 14 let, éáci do 12 let;VzPu 60 ISSF, VzPu 40 ISSF, VzPu 30 ISSF vleûe;;;301;04.12.2024;https://shooting.cz/cs/souteze/2024-12-07-vanocni-strileni-16-rocnik
04.01.2025;04.01.2025;Vrchlabsko-Trutnovská vzduchovková liga 2024-2025 - 3.kolo;Trutnov;2. kategorie, Pi;MuÏi, Ïeny, Dorostenci st., Dorostenky st., Veteráni;VzPi 60, VzPi 40;;;95;02.11.2024;https://shooting.cz/cs/souteze/2025-01-04-vrchlabsko-trutnovska-vzduchovkova-liga-2024-2025-3-kolo-1
01.02.2025;01.02.2025;Vrchlabsko-Trutnovská vzduchovková liga 2024-2025 - 4.kolo;Trutnov;2. kategorie, Pi;MuÏi, Ïeny, Dorostenci st., Dorostenky st., Veteráni;VzPi 60, VzPi 40;;;95;01.02.2025;https://shooting.cz/cs/souteze/2025-02-01-vrchlabsko-trutnovska-vzduchovkova-liga-2024-2025-4-kolo-1
01.02.2025;02.02.2025;Testovací závod;Hradec Králové;Test, 3. kategorie;MuÏi, Ïeny, Junioﬁi;VzPi 60, SP 30+30, VP 30+30;;;62;;https://shooting.cz/cs/souteze/2025-02-01-testovaci-zavod
01.03.2025;01.03.2025;Vrchlabsko-Trutnovská vzduchovková liga 2024-2025 - finále;Trutnov;2. kategorie, Pi;MuÏi, Ïeny, Dorostenci st., Dorostenky st., Veteráni;VzPi 60, VzPi 40;;;95;01.03.2025;https://shooting.cz/cs/souteze/2025-03-01-vrchlabsko-trutnovska-vzduchovkova-liga-2024-2025-finale-1